ticker,slope_window,consec,slope_entry_thr,slope_exit_thr,consec_rises_kill,rise_kill_pct,rise_kill_window,carry_ann,other_daily_fee_ann,fee_per_trade,slippage_per_trade,buffer20,grace_days,slope_source,trades,win_rate,total_pct_return,avg_pct_return,avg_win,avg_loss,expectancy_per_trade,median_holding_days,avg_MFE_pct,avg_MAE_pct,max_draw_trade_pct,best_trade_pct,net_expectancy_per_trade,window_start,window_end,window_months,roll_seq,min_trades_window,run_id,run_mode,created_utc,window_mode,sweep_mode,sweep_series_end
GBPCHF,6,1,-0.0001,-0.0001,0,0.01,3.0,0.053,0.0,0.00016,2e-05,0.002,2,log_price,22,0.5,0.060083,0.002731,0.013476,-0.008014,0.002731,11.5,0.010446,0.005973,-0.017615,0.039819,0.00067,2024-05-08,2025-08-08,15,7,22,f4d0cb3879ef,research,2026-03-12T19:45:07Z,rolling_expanding,holdout,2025-09-11
GBPCHF,6,1,0.0,0.0,0,0.015,3.0,0.053,0.0,0.00016,2e-05,0.002,2,log_price,18,0.5,0.046608,0.002589,0.012812,-0.007633,0.002589,12.5,0.011153,0.005369,-0.015222,0.038644,0.000586,2024-05-08,2025-05-08,12,7,18,f4d0cb3879ef,research,2026-03-12T19:45:07Z,rolling_expanding,holdout,2025-09-11
GBPCHF,6,1,0.0,0.0,0,0.015,3.0,0.053,0.0,0.00016,2e-05,0.002,2,log_price,21,0.47619,0.055058,0.002622,0.014195,-0.007899,0.002622,12.0,0.010956,0.00593,-0.017615,0.038644,0.00054,2024-05-08,2025-07-08,14,7,21,f4d0cb3879ef,research,2026-03-12T19:45:07Z,rolling_expanding,holdout,2025-09-11
GBPCHF,6,1,-0.0001,-0.0001,0,0.015,3.0,0.053,0.0,0.00016,2e-05,0.002,2,log_price,24,0.5,0.049462,0.002061,0.012997,-0.008875,0.002061,11.5,0.010165,0.006186,-0.017615,0.038644,-4.3e-05,2024-05-08,2025-09-08,16,7,24,f4d0cb3879ef,research,2026-03-12T19:45:07Z,rolling_expanding,holdout,2025-09-11
GBPCHF,6,1,0.0,0.0,0,0.01,3.0,0.053,0.0,0.00016,2e-05,0.002,2,log_price,21,0.428571,0.030245,0.00144,0.01239,-0.006772,0.00144,10.0,0.009066,0.005272,-0.015222,0.039819,-0.000379,2024-02-08,2025-04-08,14,6,21,f4d0cb3879ef,research,2026-03-12T19:45:07Z,rolling_expanding,holdout,2025-09-11
GBPCHF,6,1,0.0,0.0,0,0.01,3.0,0.053,0.0,0.00016,2e-05,0.002,2,log_price,22,0.409091,0.031156,0.001416,0.012942,-0.006563,0.001416,10.5,0.009469,0.005217,-0.015222,0.039819,-0.00042,2024-02-08,2025-05-08,15,6,22,f4d0cb3879ef,research,2026-03-12T19:45:07Z,rolling_expanding,holdout,2025-09-11
GBPCHF,6,1,0.0,0.0,0,0.015,3.0,0.053,0.0,0.00016,2e-05,0.002,2,log_price,20,0.45,0.026001,0.0013,0.012812,-0.008119,0.0013,11.5,0.010148,0.006226,-0.017615,0.038644,-0.000673,2024-05-08,2025-06-09,13,7,20,f4d0cb3879ef,research,2026-03-12T19:45:07Z,rolling_expanding,holdout,2025-09-11
GBPCHF,6,1,0.0,0.0,0,0.01,3.0,0.053,0.0,0.00016,2e-05,0.002,2,log_price,51,0.392157,0.072169,0.001415,0.013982,-0.006693,0.001415,10.0,0.010339,0.005862,-0.017615,0.039819,-0.000735,2022-08-04,2025-08-04,36,0,50,f4d0cb3879ef,research,2026-03-12T19:45:07Z,rolling_expanding,holdout,2025-09-11
GBPCHF,6,1,-0.0001,0.0,0,0.01,3.0,0.053,0.0,0.00016,2e-05,0.002,2,log_price,51,0.411765,0.061271,0.001201,0.013128,-0.007147,0.001201,11.0,0.010235,0.006002,-0.017615,0.039819,-0.00096,2022-08-04,2025-09-04,37,0,50,f4d0cb3879ef,research,2026-03-12T19:45:07Z,rolling_expanding,holdout,2025-09-11
GBPCHF,6,1,0.0,0.0,0,0.01,3.0,0.053,0.0,0.00016,2e-05,0.002,2,log_price,51,0.392157,0.056251,0.001103,0.013186,-0.006693,0.001103,10.0,0.010101,0.005862,-0.017615,0.039819,-0.000968,2022-08-04,2025-07-04,35,0,50,f4d0cb3879ef,research,2026-03-12T19:45:07Z,rolling_expanding,holdout,2025-09-11
GBPCHF,6,1,0.0,0.0,0,0.015,3.0,0.053,0.0,0.00016,2e-05,0.002,2,log_price,26,0.384615,0.021721,0.000835,0.014195,-0.007514,0.000835,11.0,0.009343,0.00608,-0.017615,0.038644,-0.001109,2024-02-08,2025-07-08,17,6,26,f4d0cb3879ef,research,2026-03-12T19:45:07Z,rolling_expanding,holdout,2025-09-11
GBPCHF,6,1,0.0,0.0,0,0.01,3.0,0.053,0.0,0.00016,2e-05,0.002,2,log_price,45,0.422222,0.035533,0.00079,0.010932,-0.006622,0.00079,10.0,0.008566,0.005244,-0.021926,0.039819,-0.001155,2022-11-04,2025-05-05,30,1,45,f4d0cb3879ef,research,2026-03-12T19:45:07Z,rolling_expanding,holdout,2025-09-11
GBPCHF,6,1,0.0,0.0,0,0.015,3.0,0.053,0.0,0.00016,2e-05,0.002,2,log_price,28,0.392857,0.02417,0.000863,0.014638,-0.00805,0.000863,11.0,0.00934,0.006327,-0.017615,0.03926,-0.001215,2024-02-08,2025-09-08,19,6,28,f4d0cb3879ef,research,2026-03-12T19:45:07Z,rolling_expanding,holdout,2025-09-11
GBPCHF,6,1,0.0,0.0,0,0.01,3.0,0.053,0.0,0.00016,2e-05,0.002,2,log_price,39,0.384615,0.031181,0.0008,0.012048,-0.006231,0.0008,11.0,0.008681,0.005457,-0.017615,0.039819,-0.001242,2023-05-08,2025-07-08,26,3,39,f4d0cb3879ef,research,2026-03-12T19:45:07Z,rolling_expanding,holdout,2025-09-11
GBPCHF,6,1,0.0,0.0,0,0.015,3.0,0.053,0.0,0.00016,2e-05,0.002,2,log_price,27,0.37037,0.021082,0.000781,0.015457,-0.007852,0.000781,11.0,0.009447,0.006346,-0.017615,0.03926,-0.001249,2024-02-08,2025-08-08,18,6,27,f4d0cb3879ef,research,2026-03-12T19:45:07Z,rolling_expanding,holdout,2025-09-11
GBPCHF,6,1,-0.0001,-0.0001,0,0.01,3.0,0.053,0.0,0.00016,2e-05,0.002,2,log_price,34,0.411765,0.02401,0.000706,0.01031,-0.006016,0.000706,11.5,0.008434,0.004953,-0.015222,0.039819,-0.001259,2023-05-08,2025-04-08,23,3,34,f4d0cb3879ef,research,2026-03-12T19:45:07Z,rolling_expanding,holdout,2025-09-11
GBPCHF,6,1,0.0,0.0,0,0.015,3.0,0.053,0.0,0.00016,2e-05,0.002,2,log_price,34,0.352941,0.028629,0.000842,0.013927,-0.006295,0.000842,11.5,0.009258,0.005615,-0.017615,0.038644,-0.00126,2023-08-08,2025-07-08,23,4,34,f4d0cb3879ef,research,2026-03-12T19:45:07Z,rolling_expanding,holdout,2025-09-11
GBPCHF,6,1,0.0,0.0,0,0.01,3.0,0.053,0.0,0.00016,2e-05,0.002,2,log_price,48,0.395833,0.033127,0.00069,0.011977,-0.006705,0.00069,10.0,0.008641,0.005582,-0.021926,0.039819,-0.00129,2022-11-04,2025-07-04,32,1,48,f4d0cb3879ef,research,2026-03-12T19:45:07Z,rolling_expanding,holdout,2025-09-11
GBPCHF,6,1,0.0,0.0,0,0.01,3.0,0.053,0.0,0.00016,2e-05,0.002,2,log_price,18,0.444444,0.015362,0.000853,0.012256,-0.008268,0.000853,11.5,0.008602,0.006571,-0.017615,0.03926,-0.001303,2024-08-08,2025-08-08,12,8,18,f4d0cb3879ef,research,2026-03-12T19:45:07Z,rolling_expanding,holdout,2025-09-11
GBPCHF,6,1,-0.0001,-0.0001,0,0.01,3.0,0.053,0.0,0.00016,2e-05,0.002,2,log_price,26,0.384615,0.020034,0.000771,0.011937,-0.006209,0.000771,9.0,0.010338,0.005764,-0.016609,0.036164,-0.001319,2022-08-04,2024-01-04,17,0,26,f4d0cb3879ef,research,2026-03-12T19:45:07Z,rolling_expanding,holdout,2025-09-11
GBPCHF,6,1,0.0,0.0,0,0.01,5.0,0.053,0.0,0.00016,2e-05,0.002,2,log_price,32,0.34375,0.02057,0.000643,0.014199,-0.006458,0.000643,9.0,0.008259,0.005563,-0.021845,0.051848,-0.001325,2022-11-04,2024-08-05,21,1,32,f4d0cb3879ef,research,2026-03-12T19:45:07Z,rolling_expanding,holdout,2025-09-11
GBPCHF,6,1,0.0,0.0,0,0.01,3.0,0.053,0.0,0.00016,2e-05,0.002,2,log_price,40,0.375,0.030542,0.000764,0.012889,-0.006512,0.000764,10.5,0.008768,0.005652,-0.017615,0.039819,-0.001333,2023-05-08,2025-08-08,27,3,40,f4d0cb3879ef,research,2026-03-12T19:45:07Z,rolling_expanding,holdout,2025-09-11
GBPCHF,6,1,0.0,0.0,0,0.01,3.0,0.053,0.0,0.00016,2e-05,0.002,2,log_price,50,0.38,0.034274,0.000685,0.012652,-0.006649,0.000685,10.0,0.009761,0.005976,-0.017615,0.039819,-0.001339,2022-08-04,2025-06-04,34,0,50,f4d0cb3879ef,research,2026-03-12T19:45:07Z,rolling_expanding,holdout,2025-09-11
GBPCHF,6,1,-0.0001,-0.0001,0,0.01,3.0,0.053,0.0,0.00016,2e-05,0.002,2,log_price,27,0.407407,0.020427,0.000757,0.010888,-0.006209,0.000757,9.0,0.010156,0.00555,-0.016609,0.036164,-0.001349,2022-08-04,2024-02-05,18,0,27,f4d0cb3879ef,research,2026-03-12T19:45:07Z,rolling_expanding,holdout,2025-09-11
GBPCHF,6,1,0.0,0.0,0,0.01,3.0,0.053,0.0,0.00016,2e-05,0.002,2,log_price,34,0.382353,0.019847,0.000584,0.011695,-0.006294,0.000584,9.0,0.008463,0.00516,-0.021926,0.039819,-0.001352,2022-11-04,2024-10-04,23,1,34,f4d0cb3879ef,research,2026-03-12T19:45:07Z,rolling_expanding,holdout,2025-09-11
GBPCHF,6,1,0.0,0.0,0,0.01,3.0,0.053,0.0,0.00016,2e-05,0.002,2,log_price,36,0.388889,0.02273,0.000631,0.011006,-0.00597,0.000631,10.5,0.00859,0.005137,-0.015222,0.039819,-0.001368,2023-05-08,2025-05-08,24,3,36,f4d0cb3879ef,research,2026-03-12T19:45:07Z,rolling_expanding,holdout,2025-09-11
GBPCHF,6,1,0.0,0.0,0,0.01,3.0,0.053,0.0,0.00016,2e-05,0.002,2,log_price,24,0.333333,0.015031,0.000626,0.012271,-0.005196,0.000626,9.5,0.008357,0.004765,-0.013724,0.039819,-0.001369,2023-05-08,2024-09-09,16,3,24,f4d0cb3879ef,research,2026-03-12T19:45:07Z,rolling_expanding,holdout,2025-09-11
GBPCHF,6,1,0.0,0.0,0,0.01,3.0,0.053,0.0,0.00016,2e-05,0.002,2,log_price,24,0.375,0.01055,0.00044,0.012942,-0.007062,0.00044,10.5,0.008773,0.005944,-0.017615,0.039819,-0.001386,2024-02-08,2025-06-09,16,6,24,f4d0cb3879ef,research,2026-03-12T19:45:07Z,rolling_expanding,holdout,2025-09-11
GBPCHF,6,1,0.0,0.0,0,,,0.053,0.0,0.00016,2e-05,0.002,2,log_price,22,0.318182,0.015007,0.000682,0.013469,-0.005285,0.000682,10.0,0.008903,0.004979,-0.011151,0.03881,-0.001392,2023-05-08,2024-08-08,15,3,22,f4d0cb3879ef,research,2026-03-12T19:45:07Z,rolling_expanding,holdout,2025-09-11
GBPCHF,6,1,0.0,0.0,0,0.01,3.0,0.053,0.0,0.00016,2e-05,0.002,2,log_price,50,0.38,0.031973,0.000639,0.012815,-0.006823,0.000639,10.0,0.008613,0.00574,-0.021926,0.039819,-0.001414,2022-11-04,2025-09-04,34,1,50,f4d0cb3879ef,research,2026-03-12T19:45:07Z,rolling_expanding,holdout,2025-09-11
GBPCHF,6,1,0.0,0.0,0,0.01,5.0,0.053,0.0,0.00016,2e-05,0.002,2,log_price,27,0.296296,0.014972,0.000555,0.015752,-0.005844,0.000555,9.0,0.008348,0.00548,-0.013724,0.058906,-0.001465,2023-02-06,2024-08-06,18,2,27,f4d0cb3879ef,research,2026-03-12T19:45:07Z,rolling_expanding,holdout,2025-09-11
GBPCHF,6,1,0.0,0.0,0,0.01,3.0,0.053,0.0,0.00016,2e-05,0.002,2,log_price,20,0.4,0.010528,0.000526,0.012341,-0.00735,0.000526,8.0,0.010466,0.006545,-0.016609,0.036164,-0.001469,2022-08-04,2023-09-04,13,0,20,f4d0cb3879ef,research,2026-03-12T19:45:07Z,rolling_expanding,holdout,2025-09-11
GBPCHF,6,1,0.0,0.0,0,0.015,3.0,0.053,0.0,0.00016,2e-05,0.002,2,log_price,50,0.4,0.028284,0.000566,0.012383,-0.007313,0.000566,10.5,0.009821,0.006138,-0.023633,0.038644,-0.001496,2022-08-04,2025-05-05,33,0,50,f4d0cb3879ef,research,2026-03-12T19:45:07Z,rolling_expanding,holdout,2025-09-11
GBPCHF,6,1,-0.0001,-0.0001,0,0.01,3.0,0.053,0.0,0.00016,2e-05,0.002,2,log_price,20,0.5,0.010412,0.000521,0.009944,-0.008903,0.000521,11.5,0.007829,0.006447,-0.017615,0.029401,-0.001547,2024-08-08,2025-09-08,13,8,20,f4d0cb3879ef,research,2026-03-12T19:45:07Z,rolling_expanding,holdout,2025-09-11
GBPCHF,6,1,0.0,0.0,0,0.01,3.0,0.053,0.0,0.00016,2e-05,0.002,2,log_price,22,0.409091,0.012905,0.000587,0.011667,-0.007084,0.000587,9.0,0.01092,0.006162,-0.016609,0.036164,-0.001573,2022-08-04,2023-11-06,15,0,22,f4d0cb3879ef,research,2026-03-12T19:45:07Z,rolling_expanding,holdout,2025-09-11
GBPCHF,6,2,0.0,0.0,0,0.01,5.0,0.053,0.0,0.00016,2e-05,0.002,2,log_price,22,0.5,0.00523,0.000238,0.007706,-0.007231,0.000238,7.0,0.007228,0.005012,-0.013561,0.021822,-0.001579,2022-11-04,2024-01-04,14,1,21,f4d0cb3879ef,research,2026-03-12T19:45:07Z,rolling_expanding,holdout,2025-09-11
GBPCHF,6,1,0.0,0.0,0,0.01,3.0,0.053,0.0,0.00016,2e-05,0.002,2,log_price,40,0.375,0.016082,0.000402,0.011047,-0.005985,0.000402,10.0,0.008469,0.005201,-0.015222,0.039819,-0.001582,2023-02-06,2025-05-06,27,2,40,f4d0cb3879ef,research,2026-03-12T19:45:07Z,rolling_expanding,holdout,2025-09-11
GBPCHF,6,1,0.0,0.0,0,0.01,3.0,0.053,0.0,0.00016,2e-05,0.002,2,log_price,25,0.4,0.009599,0.000384,0.010711,-0.006501,0.000384,7.0,0.009785,0.005921,-0.016609,0.036164,-0.001637,2022-08-04,2023-12-04,16,0,24,f4d0cb3879ef,research,2026-03-12T19:45:07Z,rolling_expanding,holdout,2025-09-11
GBPCHF,6,1,-0.0001,-0.0001,0,0.01,3.0,0.053,0.0,0.00016,2e-05,0.002,2,log_price,46,0.391304,0.012069,0.000262,0.01101,-0.006647,0.000262,10.5,0.008313,0.00555,-0.021926,0.039819,-0.001641,2022-11-04,2025-06-04,31,1,46,f4d0cb3879ef,research,2026-03-12T19:45:07Z,rolling_expanding,holdout,2025-09-11
GBPCHF,6,1,0.0,0.0,0,0.01,3.0,0.053,0.0,0.00016,2e-05,0.002,2,log_price,23,0.434783,0.008685,0.000378,0.009316,-0.006498,0.000378,9.0,0.007701,0.005167,-0.021926,0.018898,-0.001665,2022-11-04,2024-02-05,15,1,22,f4d0cb3879ef,research,2026-03-12T19:45:07Z,rolling_expanding,holdout,2025-09-11
GBPCHF,6,1,0.0,0.0,0,0.015,3.0,0.053,0.0,0.00016,2e-05,0.002,2,log_price,50,0.38,0.018761,0.000375,0.013014,-0.007371,0.000375,10.5,0.008644,0.006154,-0.023633,0.03926,-0.001704,2022-11-04,2025-08-04,33,1,50,f4d0cb3879ef,research,2026-03-12T19:45:07Z,rolling_expanding,holdout,2025-09-11
GBPCHF,6,1,0.0,0.0,0,0.015,3.0,0.053,0.0,0.00016,2e-05,0.002,2,log_price,42,0.380952,0.018317,0.000436,0.012413,-0.006935,0.000436,11.0,0.008629,0.005889,-0.017615,0.03926,-0.001704,2023-05-08,2025-09-08,28,3,42,f4d0cb3879ef,research,2026-03-12T19:45:07Z,rolling_expanding,holdout,2025-09-11
GBPCHF,6,1,0.0,0.0,0,0.01,3.0,0.053,0.0,0.00016,2e-05,0.002,2,log_price,22,0.363636,0.006046,0.000275,0.012341,-0.00662,0.000275,8.0,0.009682,0.006147,-0.016609,0.036164,-0.001707,2022-08-04,2023-10-04,14,0,21,f4d0cb3879ef,research,2026-03-12T19:45:07Z,rolling_expanding,holdout,2025-09-11
GBPCHF,6,1,0.0,0.0,0,0.01,3.0,0.053,0.0,0.00016,2e-05,0.002,2,log_price,28,0.357143,0.010796,0.000386,0.01239,-0.006283,0.000386,8.0,0.00991,0.005911,-0.016609,0.036164,-0.001744,2022-08-04,2024-03-04,19,0,28,f4d0cb3879ef,research,2026-03-12T19:45:07Z,rolling_expanding,holdout,2025-09-11
GBPCHF,6,1,0.0,0.0,0,0.015,3.0,0.053,0.0,0.00016,2e-05,0.002,2,log_price,18,0.444444,0.00682,0.000379,0.012962,-0.009687,0.000379,8.5,0.011394,0.007717,-0.023633,0.036164,-0.001745,2022-08-04,2023-08-04,12,0,18,f4d0cb3879ef,research,2026-03-12T19:45:07Z,rolling_expanding,holdout,2025-09-11
GBPCHF,6,1,0.0,0.0,0,0.01,3.0,0.053,0.0,0.00016,2e-05,0.002,2,log_price,30,0.366667,0.007073,0.000236,0.010238,-0.005555,0.000236,10.5,0.007978,0.004958,-0.013724,0.039819,-0.001779,2023-05-08,2025-01-08,20,3,30,f4d0cb3879ef,research,2026-03-12T19:45:07Z,rolling_expanding,holdout,2025-09-11
GBPCHF,6,1,0.0,0.0,0,0.015,3.0,0.053,0.0,0.00016,2e-05,0.002,2,log_price,33,0.363636,0.007494,0.000227,0.012633,-0.006862,0.000227,10.0,0.008388,0.005834,-0.023633,0.038644,-0.001788,2022-11-04,2024-09-04,22,1,33,f4d0cb3879ef,research,2026-03-12T19:45:07Z,rolling_expanding,holdout,2025-09-11
GBPCHF,6,1,0.0,0.0,0,0.015,3.0,0.053,0.0,0.00016,2e-05,0.002,2,log_price,36,0.388889,0.007707,0.000214,0.011356,-0.006876,0.000214,10.5,0.008241,0.005724,-0.023633,0.038644,-0.001817,2022-11-04,2024-11-04,24,1,36,f4d0cb3879ef,research,2026-03-12T19:45:07Z,rolling_expanding,holdout,2025-09-11
GBPCHF,6,1,0.0,0.0,0,0.01,3.0,0.053,0.0,0.00016,2e-05,0.002,2,log_price,39,0.384615,0.002981,7.6e-05,0.010033,-0.006147,7.6e-05,10.0,0.007964,0.00528,-0.015222,0.039819,-0.001906,2023-02-06,2025-04-07,26,2,39,f4d0cb3879ef,research,2026-03-12T19:45:07Z,rolling_expanding,holdout,2025-09-11
GBPCHF,6,1,0.0,0.0,0,0.01,5.0,0.053,0.0,0.00016,2e-05,0.002,2,log_price,45,0.355556,0.009024,0.000201,0.012098,-0.006364,0.000201,10.0,0.00845,0.005712,-0.017615,0.03926,-0.001906,2023-02-06,2025-08-06,30,2,45,f4d0cb3879ef,research,2026-03-12T19:45:07Z,rolling_expanding,holdout,2025-09-11
GBPCHF,6,1,0.0,0.0,0,0.01,3.0,0.053,0.0,0.00016,2e-05,0.002,2,log_price,38,0.368421,0.002123,5.6e-05,0.011006,-0.006331,5.6e-05,10.5,0.008196,0.005601,-0.017615,0.039819,-0.001928,2023-05-08,2025-06-09,25,3,38,f4d0cb3879ef,research,2026-03-12T19:45:07Z,rolling_expanding,holdout,2025-09-11
GBPCHF,6,1,0.0,0.0,0,0.015,3.0,0.053,0.0,0.00016,2e-05,0.002,2,log_price,28,0.357143,0.000113,4e-06,0.01342,-0.00745,4e-06,11.0,0.009005,0.006125,-0.017615,0.038644,-0.001986,2023-11-08,2025-06-09,19,5,28,f4d0cb3879ef,research,2026-03-12T19:45:07Z,rolling_expanding,holdout,2025-09-11
GBPCHF,6,1,0.0,0.0,0,0.01,5.0,0.053,0.0,0.00016,2e-05,0.002,2,log_price,46,0.369565,0.006296,0.000137,0.011766,-0.00668,0.000137,10.5,0.008406,0.005841,-0.017615,0.03926,-0.001994,2023-02-06,2025-09-08,31,2,46,f4d0cb3879ef,research,2026-03-12T19:45:07Z,rolling_expanding,holdout,2025-09-11
GBPCHF,6,1,0.0,0.0,0,0.015,3.0,0.053,0.0,0.00016,2e-05,0.002,2,log_price,33,0.333333,-0.000429,-1.3e-05,0.012771,-0.006405,-1.3e-05,11.0,0.008717,0.005785,-0.017615,0.038644,-0.00205,2023-08-08,2025-06-09,22,4,33,f4d0cb3879ef,research,2026-03-12T19:45:07Z,rolling_expanding,holdout,2025-09-11
GBPCHF,6,1,0.0,0.0,0,0.01,3.0,0.053,0.0,0.00016,2e-05,0.002,2,log_price,42,0.357143,-0.0053,-0.000126,0.011047,-0.006334,-0.000126,10.0,0.008119,0.00566,-0.017615,0.039819,-0.002094,2023-02-06,2025-06-06,28,2,42,f4d0cb3879ef,research,2026-03-12T19:45:07Z,rolling_expanding,holdout,2025-09-11
GBPCHF,6,1,0.0,0.0,0,0.015,3.0,0.053,0.0,0.00016,2e-05,0.002,2,log_price,30,0.333333,-0.001582,-5.3e-05,0.012504,-0.006331,-5.3e-05,10.0,0.008052,0.005716,-0.023633,0.038644,-0.002096,2023-02-06,2024-10-07,20,2,30,f4d0cb3879ef,research,2026-03-12T19:45:07Z,rolling_expanding,holdout,2025-09-11
GBPCHF,6,1,0.0,0.0,0,0.01,5.0,0.053,0.0,0.00016,2e-05,0.002,2,log_price,44,0.363636,-0.003487,-7.9e-05,0.011062,-0.006445,-7.9e-05,10.5,0.008366,0.00575,-0.017615,0.032282,-0.00214,2023-02-06,2025-07-07,29,2,44,f4d0cb3879ef,research,2026-03-12T19:45:07Z,rolling_expanding,holdout,2025-09-11
GBPCHF,6,1,0.0,0.0,0,0.015,3.0,0.053,0.0,0.00016,2e-05,0.002,2,log_price,28,0.321429,-0.005851,-0.000209,0.012621,-0.006287,-0.000209,10.0,0.008218,0.005803,-0.023633,0.038644,-0.002292,2023-02-06,2024-09-06,19,2,28,f4d0cb3879ef,research,2026-03-12T19:45:07Z,rolling_expanding,holdout,2025-09-11
GBPCHF,6,1,0.0,0.0,0,0.015,3.0,0.053,0.0,0.00016,2e-05,0.002,2,log_price,40,0.375,-0.009229,-0.000231,0.010821,-0.006862,-0.000231,11.5,0.00817,0.005766,-0.023633,0.038644,-0.002295,2022-11-04,2025-02-04,27,1,40,f4d0cb3879ef,research,2026-03-12T19:45:07Z,rolling_expanding,holdout,2025-09-11
GBPCHF,6,1,-0.0001,0.0,0,0.01,3.0,0.053,0.0,0.00016,2e-05,0.002,2,log_price,24,0.375,-0.007596,-0.000316,0.009748,-0.006355,-0.000316,8.0,0.007381,0.005406,-0.021926,0.018898,-0.002336,2022-11-04,2024-03-04,16,1,24,f4d0cb3879ef,research,2026-03-12T19:45:07Z,rolling_expanding,holdout,2025-09-11
GBPCHF,6,1,0.0,0.0,0,0.015,3.0,0.053,0.0,0.00016,2e-05,0.002,2,log_price,44,0.386364,-0.014679,-0.000334,0.010506,-0.007159,-0.000334,10.5,0.007797,0.005973,-0.023633,0.038644,-0.002352,2022-11-04,2025-04-04,29,1,44,f4d0cb3879ef,research,2026-03-12T19:45:07Z,rolling_expanding,holdout,2025-09-11
GBPCHF,6,1,0.0,0.0,0,0.015,3.0,0.053,0.0,0.00016,2e-05,0.002,2,log_price,39,0.358974,-0.012296,-0.000315,0.011375,-0.006862,-0.000315,11.0,0.007904,0.005914,-0.023633,0.038644,-0.002364,2022-11-04,2025-01-06,26,1,39,f4d0cb3879ef,research,2026-03-12T19:45:07Z,rolling_expanding,holdout,2025-09-11
GBPCHF,6,1,0.0,0.0,0,0.015,3.0,0.053,0.0,0.00016,2e-05,0.002,2,log_price,34,0.323529,-0.01049,-0.000309,0.01334,-0.006836,-0.000309,9.5,0.009222,0.006436,-0.023633,0.036164,-0.002406,2022-08-04,2024-07-04,23,0,34,f4d0cb3879ef,research,2026-03-12T19:45:07Z,rolling_expanding,holdout,2025-09-11
GBPCHF,6,1,0.0,0.0,0,0.01,3.0,0.053,0.0,0.00016,2e-05,0.002,2,log_price,22,0.409091,-0.013525,-0.000615,0.007883,-0.006498,-0.000615,7.0,0.006558,0.005318,-0.021926,0.013433,-0.002432,2022-11-04,2023-12-04,13,1,20,f4d0cb3879ef,research,2026-03-12T19:45:07Z,rolling_expanding,holdout,2025-09-11
GBPCHF,6,1,0.0,0.0,0,0.015,3.0,0.053,0.0,0.00016,2e-05,0.002,2,log_price,30,0.333333,-0.009603,-0.00032,0.012887,-0.006923,-0.00032,7.0,0.009307,0.006601,-0.023633,0.036164,-0.002441,2022-08-04,2024-04-04,20,0,30,f4d0cb3879ef,research,2026-03-12T19:45:07Z,rolling_expanding,holdout,2025-09-11
GBPCHF,6,1,0.0,0.0,0,0.01,3.0,0.053,0.0,0.00016,2e-05,0.002,2,log_price,19,0.421053,-0.010219,-0.000538,0.008605,-0.007187,-0.000538,9.0,0.007362,0.005502,-0.021926,0.013433,-0.002483,2022-11-04,2023-11-06,12,1,18,f4d0cb3879ef,research,2026-03-12T19:45:07Z,rolling_expanding,holdout,2025-09-11
GBPCHF,6,1,0.0,0.0,0,0.015,3.0,0.053,0.0,0.00016,2e-05,0.002,2,log_price,33,0.333333,-0.014532,-0.00044,0.012747,-0.007034,-0.00044,7.0,0.009141,0.006494,-0.023633,0.036164,-0.002512,2022-08-04,2024-06-04,22,0,33,f4d0cb3879ef,research,2026-03-12T19:45:07Z,rolling_expanding,holdout,2025-09-11
GBPCHF,6,1,0.0,0.0,0,0.015,3.0,0.053,0.0,0.00016,2e-05,0.002,2,log_price,42,0.357143,-0.021463,-0.000511,0.010821,-0.006807,-0.000511,10.5,0.007781,0.005905,-0.023633,0.038644,-0.002537,2022-11-04,2025-03-04,28,1,42,f4d0cb3879ef,research,2026-03-12T19:45:07Z,rolling_expanding,holdout,2025-09-11
GBPCHF,6,1,0.0,0.0,0,0.01,3.0,0.053,0.0,0.00016,2e-05,0.002,2,log_price,30,0.333333,-0.019391,-0.000646,0.010561,-0.00625,-0.000646,9.0,0.007106,0.005387,-0.021926,0.018898,-0.002569,2022-11-04,2024-07-04,20,1,30,f4d0cb3879ef,research,2026-03-12T19:45:07Z,rolling_expanding,holdout,2025-09-11
GBPCHF,6,2,0.0,0.0,0,0.01,5.0,0.053,0.0,0.00016,2e-05,0.002,2,log_price,19,0.421053,-0.014347,-0.000755,0.006794,-0.006245,-0.000755,8.0,0.006733,0.004957,-0.013561,0.016825,-0.002632,2023-02-06,2024-02-06,12,2,18,f4d0cb3879ef,research,2026-03-12T19:45:07Z,rolling_expanding,holdout,2025-09-11
GBPCHF,6,1,-0.0001,-0.0001,0,0.01,3.0,0.053,0.0,0.00016,2e-05,0.002,2,log_price,28,0.357143,-0.022172,-0.000792,0.008953,-0.006205,-0.000792,9.0,0.007011,0.005153,-0.021926,0.013141,-0.002647,2022-11-04,2024-06-04,19,1,28,f4d0cb3879ef,research,2026-03-12T19:45:07Z,rolling_expanding,holdout,2025-09-11
GBPCHF,6,1,0.0,0.0,0,0.01,3.0,0.053,0.0,0.00016,2e-05,0.002,2,log_price,26,0.346154,-0.02024,-0.000778,0.009748,-0.006351,-0.000778,7.0,0.006879,0.005483,-0.021926,0.018898,-0.002723,2022-11-04,2024-04-04,17,1,26,f4d0cb3879ef,research,2026-03-12T19:45:07Z,rolling_expanding,holdout,2025-09-11
GBPCHF,6,1,0.0,0.0,0,0.01,5.0,0.053,0.0,0.00016,2e-05,0.002,2,log_price,34,0.323529,-0.027056,-0.000796,0.009947,-0.005934,-0.000796,10.5,0.007694,0.005555,-0.013724,0.032282,-0.002872,2023-02-06,2025-01-06,23,2,34,f4d0cb3879ef,research,2026-03-12T19:45:07Z,rolling_expanding,holdout,2025-09-11
GBPCHF,6,1,0.0,0.0,0,0.01,3.0,0.053,0.0,0.00016,2e-05,0.002,2,log_price,27,0.333333,-0.026311,-0.000974,0.009748,-0.006336,-0.000974,7.0,0.006906,0.005505,-0.021926,0.018898,-0.002908,2022-11-04,2024-05-06,18,1,27,f4d0cb3879ef,research,2026-03-12T19:45:07Z,rolling_expanding,holdout,2025-09-11
GBPCHF,6,1,0.0,0.0,0,,,0.053,0.0,0.00016,2e-05,0.002,2,log_price,21,0.285714,-0.023802,-0.001133,0.009245,-0.005285,-0.001133,10.0,0.006522,0.005155,-0.011151,0.018898,-0.003153,2023-05-08,2024-07-08,14,3,21,f4d0cb3879ef,research,2026-03-12T19:45:07Z,rolling_expanding,holdout,2025-09-11
GBPCHF,6,1,-0.0001,-0.0001,0,0.01,3.0,0.053,0.0,0.00016,2e-05,0.002,2,log_price,18,0.333333,-0.025523,-0.001418,0.00547,-0.004862,-0.001418,9.5,0.006083,0.004485,-0.013724,0.010615,-0.003308,2023-05-08,2024-05-08,12,3,18,f4d0cb3879ef,research,2026-03-12T19:45:07Z,rolling_expanding,holdout,2025-09-11
GBPCHF,6,1,0.0,0.0,0,0.01,3.0,0.053,0.0,0.00016,2e-05,0.002,2,log_price,20,0.3,-0.026023,-0.001301,0.008205,-0.005375,-0.001301,8.0,0.006522,0.005222,-0.013724,0.018898,-0.003354,2023-02-06,2024-03-06,13,2,20,f4d0cb3879ef,research,2026-03-12T19:45:07Z,rolling_expanding,holdout,2025-09-11
GBPCHF,6,1,0.0,0.0,0,0.01,3.0,0.053,0.0,0.00016,2e-05,0.002,2,log_price,24,0.291667,-0.038124,-0.001588,0.008533,-0.005756,-0.001588,8.0,0.006442,0.005293,-0.013724,0.018898,-0.003535,2023-02-06,2024-06-06,16,2,24,f4d0cb3879ef,research,2026-03-12T19:45:07Z,rolling_expanding,holdout,2025-09-11
GBPCHF,6,1,0.0,0.0,0,,,0.053,0.0,0.00016,2e-05,0.002,2,log_price,20,0.3,-0.030705,-0.001535,0.00768,-0.005485,-0.001535,10.0,0.006254,0.005186,-0.011151,0.018898,-0.003552,2023-05-08,2024-06-10,13,3,20,f4d0cb3879ef,research,2026-03-12T19:45:07Z,rolling_expanding,holdout,2025-09-11
GBPCHF,6,1,0.0,0.0,0,0.01,3.0,0.053,0.0,0.00016,2e-05,0.002,2,log_price,21,0.285714,-0.034087,-0.001623,0.008205,-0.005554,-0.001623,7.0,0.006294,0.005357,-0.013724,0.018898,-0.003636,2023-02-06,2024-04-08,14,2,21,f4d0cb3879ef,research,2026-03-12T19:45:07Z,rolling_expanding,holdout,2025-09-11
GBPCHF,6,1,0.0,0.0,0,0.01,5.0,0.053,0.0,0.00016,2e-05,0.002,2,log_price,26,0.269231,-0.043934,-0.00169,0.009587,-0.005844,-0.00169,9.0,0.006404,0.005642,-0.013724,0.018898,-0.003674,2023-02-06,2024-07-08,17,2,26,f4d0cb3879ef,research,2026-03-12T19:45:07Z,rolling_expanding,holdout,2025-09-11
GBPCHF,6,1,0.0,0.0,0,0.01,3.0,0.053,0.0,0.00016,2e-05,0.002,2,log_price,22,0.272727,-0.040158,-0.001825,0.008205,-0.005587,-0.001825,8.0,0.006353,0.005389,-0.013724,0.018898,-0.00382,2023-02-06,2024-05-06,15,2,22,f4d0cb3879ef,research,2026-03-12T19:45:07Z,rolling_expanding,holdout,2025-09-11
