date,close,high,low,open,volume,adjClose,adjHigh,adjLow,adjOpen,adjVolume,divCash,splitFactor
2024-01-02,48.49,48.52,47.99,48.04,2806554,45.7384729734464,45.766770646971,45.2668450813713,45.3140078705788,2806554,0.0,1.0
2024-01-03,48.64,48.94,48.6015,48.85,2855493,45.879961341069,46.1629380763141,45.8436459933792,46.0780450557405,2855493,0.0,1.0
2024-01-04,48.86,48.93,48.56,48.58,3001476,46.087477613582,46.1535055184726,45.804500878337,45.82336599402,3001476,0.0,1.0
2024-01-05,48.76,48.97,48.51,48.6,2945002,45.993152035167,46.1912357498386,45.7573380891294,45.842231109703,2945002,0.0,1.0
2024-01-08,49.24,49.24,48.68,48.68,3230596,46.4459148115591,46.4459148115591,45.917691572435,45.917691572435,3230596,0.0,1.0
2024-01-09,49.2,49.23,48.99,49.1,1935648,46.4081845801931,46.4364822537176,46.2101008655216,46.3138590017781,1935648,0.0,1.0
2024-01-10,48.88,49.15,48.84,49.0,2607523,46.1063427292651,46.3610217909856,46.068612497899,46.2195334233631,2607523,0.0,1.0
2024-01-11,48.79,48.875,48.38,48.81,2486301,46.0214497086915,46.1016264503443,45.6347148371899,46.0403148243745,2486301,0.0,1.0
2024-01-12,49.14,49.43,49.06,49.37,2450023,46.3515892331441,46.6251334105477,46.2761287704121,46.5685380634987,2450023,0.0,1.0
2024-01-16,48.19,48.53,48.06,48.5,2911657,45.4554962382014,45.7762032048125,45.3328729862618,45.7479055312879,2911657,0.0,1.0
2024-01-17,47.72,47.795,47.505,47.66,3368150,45.0121660196507,45.082910203462,44.8093660260584,44.9555706726017,3368150,0.0,1.0
2024-01-18,47.18,47.315,47.005,47.25,2513178,44.5028078962096,44.6301474270699,44.3377381339833,44.5688358011001,2513178,0.0,1.0
2024-01-19,47.17,47.265,46.78,47.07,2215426,44.4933753383681,44.5829846378624,44.1255055825495,44.3990497599531,2215426,0.0,1.0
2024-01-22,46.99,47.1851,46.915,47.08,2629772,44.323589297221,44.5076185007088,44.2528451134098,44.4084823177946,2629772,0.0,1.0
2024-01-23,47.47,47.575,47.24,47.29,2828295,44.7763520736132,44.875393930949,44.5594032432586,44.6065660324661,2828295,0.0,1.0
2024-01-24,47.11,47.63,47.11,47.6,2504008,44.4367799913191,44.9272729990772,44.4367799913191,44.8989753255527,2504008,0.0,1.0
2024-01-25,47.62,47.64,47.08,47.24,5683232,44.9178404412357,44.9367055569187,44.4084823177946,44.5594032432586,5683232,0.0,1.0
2024-01-26,48.37,48.63,48.315,48.49,6184942,45.6252822793484,45.8705287832275,45.5734032112201,45.7384729734464,6184942,0.0,1.0
2024-01-29,48.76,48.78,48.33,48.4,2897859,45.993152035167,46.01201715085,45.5875520479824,45.6535799528729,2897859,0.0,1.0
2024-01-30,49.04,49.115,48.81,49.05,4020581,46.2572636547291,46.3280078385404,46.0403148243745,46.2666962125706,4020581,0.0,1.0
2024-01-31,48.69,49.3688,48.56,49.3,2205200,45.9271241302765,46.5674061565577,45.804500878337,46.5025101586082,2205200,0.0,1.0
2024-02-01,49.51,49.51,48.54,48.68,2103547,46.7005938732797,46.7005938732797,45.785635762654,45.917691572435,2103547,0.0,1.0
2024-02-02,49.09,49.26,48.78,49.12,2672248,46.3044264439366,46.4647799272421,46.01201715085,46.3327241174611,2672248,0.0,1.0
2024-02-05,49.25,49.315,48.9013,49.1,2672496,46.4553473694006,46.5166589953704,46.1264340774675,46.3138590017781,2672496,0.0,1.0
2024-02-06,49.87,49.925,49.48,49.53,3399228,47.0401659555738,47.0920450237021,46.6722961997552,46.7194589889627,3399228,0.0,1.0
2024-02-07,48.9,49.49,48.85,49.4,4365497,46.1252078449481,46.6817287575967,46.0780450557405,46.5968357370232,4365497,0.0,1.0
2024-02-08,50.68,51.245,50.465,51.0,4882057,47.8042031407355,48.3371426587804,47.6014031471432,48.1060449916636,4882057,0.0,1.0
2024-02-09,50.61,50.695,50.325,50.57,2783050,47.738175235845,47.8183519774978,47.4693473373622,47.700445004479,2783050,0.0,1.0
2024-02-12,50.59,50.61,50.195,50.3,2076567,47.719310120162,47.738175235845,47.3467240854227,47.4457659427584,2076567,0.0,1.0
2024-02-13,50.1,50.565,49.975,50.51,3113228,47.2571147859284,47.6957287255582,47.1392078129096,47.64384965743,3113228,0.0,1.0
2024-02-14,50.04,50.29,49.7852,50.29,2177154,47.2005194388794,47.4363333849169,46.9601778650779,47.4363333849169,2177154,0.0,1.0
2024-02-15,50.09,50.32,49.99,50.08,2180504,47.2476822280869,47.4646310584414,47.1533566496718,47.2382496702454,2180504,0.0,1.0
2024-02-16,50.7,50.85,50.375,50.55,3484237,47.8230682564185,47.9645566240411,47.5165101265697,47.681579888796,3484237,0.0,1.0
2024-02-20,51.04,51.425,50.99,51.06,2280476,48.1437752230296,48.5069286999275,48.0966124338221,48.1626403387126,2280476,0.0,1.0
2024-02-21,51.22,51.24,51.0301,51.08,2322155,48.3135612641767,48.3324263798597,48.1344369907665,48.1815054543956,2322155,0.0,1.0
2024-02-22,50.72,50.755,50.2106,50.41,2450238,48.2741331723992,48.3074453699748,47.7892979311133,47.9790822795868,2450238,0.4582,1.0
2024-02-23,50.66,50.8299,50.595,50.72,1945344,48.2170265479839,48.3787334727866,48.1551610382007,48.2741331723992,1945344,0.0,1.0
2024-02-26,50.47,50.75,50.432,50.74,1692201,48.0361889040021,48.3026864846068,48.0000213752058,48.293168713871,1692201,0.0,1.0
2024-02-27,49.61,49.755,49.34,49.56,2327069,47.2176606207162,47.3556682963865,46.9606808108473,47.1700717670368,2327069,0.0,1.0
2024-02-28,49.07,49.24,48.93,48.97,1697392,46.7037010009785,46.8655031034885,46.5704522106761,46.6085232936196,1697392,0.0,1.0
2024-02-29,48.97,49.16,48.85,49.14,1891631,46.6085232936196,46.7893609376014,46.4943100447891,46.7703253961297,1891631,0.0,1.0
2024-03-01,49.15,49.18,48.66,48.93,2345788,46.7798431668655,46.8083964790732,46.3134724008073,46.5704522106761,2345788,0.0,1.0
2024-03-04,49.14,49.17,48.99,49.0,1470904,46.7703253961297,46.7988787083373,46.6275588350914,46.6370766058273,1470904,0.0,1.0
2024-03-05,49.04,49.3,49.0,49.15,1429063,46.6751476887708,46.9226097279038,46.6370766058273,46.7798431668655,1429063,0.0,1.0
2024-03-06,49.02,49.2499,48.99,49.13,2378912,46.6561121472991,46.874925696517,46.6275588350914,46.7608076253938,2378912,0.0,1.0
2024-03-07,48.98,49.06,48.865,48.97,2672396,46.6180410643555,46.6941832302426,46.5085867008929,46.6085232936196,2672396,0.0,1.0
2024-03-08,49.18,49.32,49.06,49.17,3754294,46.8083964790732,46.9416452693756,46.6941832302426,46.7988787083373,3754294,0.0,1.0
2024-03-11,49.36,49.43,49.12,49.3,2488034,46.9797163523191,47.0463407474703,46.7512898546579,46.9226097279038,2488034,0.0,1.0
2024-03-12,49.65,49.745,49.41,49.49,3501782,47.2557317036597,47.3461505256506,47.0273052059985,47.1034473718856,3501782,0.0,1.0
2024-03-13,49.76,49.945,49.685,49.78,2218052,47.3604271817544,47.5365059403683,47.2890439012353,47.3794627232262,2218052,0.0,1.0
2024-03-14,49.28,49.82,49.18,49.79,2769307,46.903574186432,47.4175338061697,46.8083964790732,47.3889804939621,2769307,0.0,1.0
2024-03-15,48.94,49.25,48.88,49.17,2246154,46.579969981412,46.8750208742244,46.5228633569967,46.7988787083373,2246154,0.0,1.0
2024-03-18,48.52,48.745,48.42,48.63,1934247,46.1802236105049,46.3943734520623,46.0850459031461,46.2849190885996,1934247,0.0,1.0
2024-03-19,49.86,50.04,49.715,49.92,4792097,47.4556048891132,47.6269247623591,47.3175972134429,47.5127115135286,4792097,0.0,1.0
2024-03-20,49.44,49.49,49.105,49.45,2073855,47.0558585182062,47.1034473718856,46.7370131985541,47.065376288942,2073855,0.0,1.0
2024-03-21,49.46,49.585,49.35,49.44,2515404,47.0748940596779,47.1938661938765,46.9701985815832,47.0558585182062,2515404,0.0,1.0
2024-03-22,49.99,50.275,49.92,49.96,2356868,47.5793359086797,47.8505923746524,47.5127115135286,47.5507825964721,2356868,0.0,1.0
2024-03-25,49.64,50.21,49.585,50.1,3977565,47.2462139329238,47.7887268648692,47.1938661938765,47.6840313867744,3977565,0.0,1.0
2024-03-26,49.63,50.195,49.63,50.11,3464213,47.2366961621879,47.7744502087653,47.2366961621879,47.6935491575103,3464213,0.0,1.0
2024-03-27,50.14,50.14,49.53,49.55,2290516,47.722102469718,47.722102469718,47.1415184548291,47.1605539963009,2290516,0.0,1.0
2024-03-28,50.19,50.24,49.95,49.99,1290277,47.7696913233974,47.8172801770768,47.5412648257362,47.5793359086797,1290277,0.0,1.0
2024-04-01,49.85,50.12,49.59,49.98,1200970,47.4460871183774,47.7030669282462,47.1986250792444,47.5698181379438,1200970,0.0,1.0
2024-04-02,49.35,49.54,49.295,49.47,2660081,46.9701985815832,47.151036225565,46.9178508425359,47.0844118304138,2660081,0.0,1.0
2024-04-03,48.9,49.34,48.87,49.32,2054892,46.5418988984685,46.9606808108473,46.5133455862608,46.9416452693756,2054892,0.0,1.0
2024-04-04,48.72,49.205,48.65,49.14,2085143,46.3705790252226,46.8321909059129,46.3039546300714,46.7703253961297,2085143,0.0,1.0
2024-04-05,48.44,48.5,48.245,48.48,2242062,46.1040814446178,46.1611880690331,45.9184849152681,46.1421525275614,2242062,0.0,1.0
2024-04-08,48.18,48.39,48.155,48.25,2446594,45.8566194054849,46.0564925909384,45.8328249786452,45.9232438006361,2446594,0.0,1.0
2024-04-09,48.4,48.57,48.23,48.48,2995337,46.0660103616743,46.2278124641843,45.9042082591643,46.1421525275614,2995337,0.0,1.0
2024-04-10,47.74,48.19,47.66,48.13,2926878,45.437837493106,45.8661371762208,45.361695327219,45.8090305518055,2926878,0.0,1.0
2024-04-11,47.65,48.09,47.575,48.04,2637846,45.3521775564831,45.7709594688619,45.280794275964,45.7233706151825,2637846,0.0,1.0
2024-04-12,46.76,47.45,46.75,47.39,3179445,44.5050959609895,45.1618221417654,44.4955781902536,45.1047155173501,3179445,0.0,1.0
2024-04-15,46.71,47.13,46.64,47.03,2546846,44.4575071073101,44.8572534782172,44.3908827121589,44.7620757708583,2546846,0.0,1.0
2024-04-16,46.47,46.705,46.47,46.64,2911913,44.2290806096489,44.4527482219421,44.2290806096489,44.3908827121589,2911913,0.0,1.0
2024-04-17,46.69,47.0473,46.455,46.93,4907111,44.4384715658383,44.7785415142314,44.214803953545,44.6668980634995,4907111,0.0,1.0
2024-04-18,46.85,47.14,46.61,46.98,5673206,44.5907558976124,44.866771248953,44.3623293999512,44.7144869171789,5673206,0.0,1.0
2024-04-19,47.31,47.39,47.015,47.23,4973014,45.0285733514631,45.1047155173501,44.7477991147545,44.952431185576,4973014,0.0,1.0
2024-04-22,48.06,48.08,47.5513,47.63,3092624,45.7424061566543,45.761441698126,45.2582371593199,45.3331420150113,3092624,0.0,1.0
2024-04-23,47.98,48.185,47.8,47.81,2724430,45.6662639907672,45.8613782908528,45.4949441175213,45.5044618882572,2724430,0.0,1.0
2024-04-24,48.07,48.22,47.865,48.19,2963786,45.7519239273902,45.8946904884284,45.5568096273046,45.8661371762208,2963786,0.0,1.0
2024-04-25,50.92,51.12,50.28,50.57,6764456,48.4644885871169,48.6548440018345,47.8553512600203,48.131366611361,6764456,0.0,1.0
2024-04-26,51.24,51.53,51.1519,51.22,4278463,48.7690572506651,49.0450726020057,48.685205690482,48.7500217091934,4278463,0.0,1.0
2024-04-29,51.5,51.61,51.34,51.58,3344087,49.0165192897981,49.1212147678928,48.864234958024,49.0926614556851,3344087,0.0,1.0
2024-04-30,51.85,51.96,51.61,51.74,3005636,49.349641265554,49.4543367436487,49.1212147678928,49.2449457874593,3005636,0.0,1.0
2024-05-01,51.87,52.12,51.45,51.61,2909757,49.3686768070258,49.6066210754228,48.9689304361187,49.1212147678928,2909757,0.0,1.0
2024-05-02,52.02,52.21,51.92,52.03,2850950,49.511443368064,49.6922810120458,49.4162656607052,49.5209611387999,2850950,0.0,1.0
2024-05-03,52.13,52.64,52.0725,52.58,4413133,49.6161388461587,50.1015451536888,49.5614116644274,50.0444385292735,4413133,0.0,1.0
2024-05-06,52.15,52.27,51.9,52.2,2388360,49.6351743876305,49.7493876364611,49.3972301192334,49.6827632413099,2388360,0.0,1.0
2024-05-07,52.66,52.91,52.49,52.67,3589300,50.1205806951605,50.3585249635576,49.9587785926505,50.1300984658964,3589300,0.0,1.0
2024-05-08,52.69,52.94,52.56,52.84,3191942,50.1491340073682,50.3870782757652,50.0254029878017,50.2919005684064,3191942,0.0,1.0
2024-05-09,53.42,53.43,53.04,53.05,4055281,50.8439312710876,50.8534490418235,50.4822559831241,50.49177375386,4055281,0.0,1.0
2024-05-10,53.51,53.65,53.385,53.485,3061035,50.9295912077106,51.0628399980129,50.810619073512,50.9057967808709,3061035,0.0,1.0
2024-05-13,53.93,54.275,53.86,54.16,2908480,51.3293375786177,51.6577006690056,51.2627131834665,51.548246305543,2908480,0.0,1.0
2024-05-14,54.04,54.1189,53.805,53.96,1807747,51.4340330567124,51.5091282678185,51.2103654444191,51.3578908908253,1807747,0.0,1.0
2024-05-15,54.48,54.54,54.115,54.18,1893704,51.8528149690912,51.9099215935065,51.5054163372315,51.5672818470148,1893704,0.0,1.0
2024-05-16,54.07,54.2,53.86,53.99,3097794,51.8962160036469,52.0209895949262,51.6946586638879,51.8194322551673,3097794,0.4556,1.0
2024-05-17,54.75,54.86,54.49,54.63,2610550,52.5488778657234,52.6544555198829,52.2993306831647,52.433702243004,2610550,0.0,1.0
2024-05-20,54.13,54.5,54.13,54.43,1393892,51.9538038150066,52.3089286517247,51.9538038150066,52.2417428718051,1393892,0.0,1.0
2024-05-21,54.28,54.49,54.205,54.32,2336624,52.0977733434058,52.2993306831647,52.0257885792062,52.1361652176456,2336624,0.0,1.0
2024-05-22,54.21,54.405,54.09,54.19,1528067,52.0305875634862,52.2177479504052,51.9154119407668,52.0113916263663,1528067,0.0,1.0
2024-05-23,54.37,54.98,54.295,54.98,2296956,52.1841550604453,52.7696311426023,52.1121702962457,52.7696311426023,2296956,0.0,1.0
2024-05-24,54.56,54.92,54.49,54.57,3153122,52.3665164630844,52.7120433312426,52.2993306831647,52.3761144316443,3153122,0.0,1.0
2024-05-28,54.13,54.42,54.03,54.42,2190076,51.9538038150066,52.2321449032451,51.8578241294071,52.2321449032451,2190076,0.0,1.0
2024-05-29,53.53,53.88,53.5,53.82,2422296,51.3779257014096,51.7138546010078,51.3491317957297,51.6562667896481,2422296,0.0,1.0
2024-05-30,54.05,54.28,54.015,54.08,3210385,51.877020066527,52.0977733434058,51.8434271765671,51.9058139722068,3210385,0.0,1.0
2024-05-31,54.75,54.78,54.145,54.21,2394173,52.5488778657234,52.5776717714033,51.9682007678465,52.0305875634862,2394173,0.0,1.0
2024-06-03,55.26,55.26,54.8,54.86,3352898,53.0383742622809,53.0383742622809,52.5968677085232,52.6544555198829,3352898,0.0,1.0
2024-06-04,55.78,55.92,55.57,55.9,3589353,53.5374686273982,53.6718401872375,53.3359112876393,53.6526442501176,3589353,0.0,1.0
2024-06-05,56.09,56.11,55.8,56.1,2574618,53.8350056527567,53.8542015898766,53.5566645645181,53.8446036213166,2574618,0.0,1.0
2024-06-06,56.04,56.185,55.84,55.85,1670507,53.7870158099569,53.9261863540762,53.5950564387579,53.6046544073179,1670507,0.0,1.0
2024-06-07,55.61,56.07,55.58,56.02,1903201,53.3743031618791,53.8158097156368,53.3455092561992,53.767819872837,1903201,0.0,1.0
2024-06-10,55.59,55.69,55.34,55.66,1839494,53.3551072247592,53.4510869103587,53.1151580107605,53.4222930046788,1839494,0.0,1.0
2024-06-11,55.59,55.6,55.06,55.21,1848073,53.3551072247592,53.3647051933191,52.8464148910819,52.9903844194811,1848073,0.0,1.0
2024-06-12,56.06,56.455,55.98,56.39,3514718,53.8062117470768,54.1853315051948,53.7294279985972,54.1229447095551,3514718,0.0,1.0
2024-06-13,56.29,56.325,56.01,56.12,2723008,54.0269650239557,54.0605579139155,53.7582219042771,53.8637995584365,2723008,0.0,1.0
2024-06-14,56.22,56.38,56.02,56.16,3479671,53.959779244036,54.1133467409952,53.767819872837,53.9021914326763,3479671,0.0,1.0
2024-06-17,56.38,56.4699,55.925,55.98,1775607,54.1133467409952,54.1996324783492,53.6766391715175,53.7294279985972,1775607,0.0,1.0
2024-06-18,56.17,56.43,56.12,56.26,1859484,53.9117894012363,54.1613365837949,53.8637995584365,53.9981711182758,1859484,0.0,1.0
2024-06-20,56.15,56.245,55.93,55.98,2472192,53.8925934641164,53.9837741654359,53.6814381557975,53.7294279985972,2472192,0.0,1.0
2024-06-21,56.11,56.24,55.805,56.07,3175373,53.8542015898766,53.9789751811559,53.5614635487981,53.8158097156368,3175373,0.0,1.0
2024-06-24,56.3,56.36,56.11,56.11,1466589,54.0365629925156,54.0941508038753,53.8542015898766,53.8542015898766,1466589,0.0,1.0
2024-06-25,56.13,56.365,55.96,56.31,1621359,53.8733975269965,54.0989497881553,53.7102320614773,54.0461609610756,1621359,0.0,1.0
2024-06-26,55.68,55.875,55.485,55.61,1423153,53.4414889417987,53.6286493287177,53.2543285548797,53.3743031618791,1423153,0.0,1.0
2024-06-27,55.35,55.7899,55.2608,55.7,1362341,53.1247559793204,53.5469706162726,53.0391420997657,53.4606848789186,1362341,0.0,1.0
2024-06-28,54.99,55.075,54.6896,54.91,2487618,52.7792291111622,52.8608118439218,52.4909061356213,52.7024453626826,2487618,0.0,1.0
2024-07-01,54.7,55.7,54.685,55.33,2379714,52.5008880229237,53.4606848789186,52.4864910700838,53.1055600422005,2379714,0.0,1.0
2024-07-02,54.82,54.85,54.405,54.5,1673802,52.6160636456431,52.6448575513229,52.2177479504052,52.3089286517247,1673802,0.0,1.0
2024-07-03,54.99,55.055,54.845,54.89,921672,52.7792291111622,52.8416159068019,52.640058567043,52.6832494255627,921672,0.0,1.0
2024-07-05,55.49,55.57,55.09,55.42,1382754,53.2591275391597,53.3359112876393,52.8752087967617,53.1919417592401,1382754,0.0,1.0
2024-07-08,55.83,55.965,55.685,55.85,1590160,53.585458470198,53.7150310457573,53.4462879260787,53.6046544073179,1590160,0.0,1.0
2024-07-09,55.55,56.01,55.53,56.0,3067376,53.3167153505194,53.7582219042771,53.2975194133995,53.7486239357171,3067376,0.0,1.0
2024-07-10,56.54,56.62,56.2,56.22,2721690,54.2669142379544,54.343697986434,53.9405833069161,53.959779244036,2721690,0.0,1.0
2024-07-11,56.63,57.04,56.57,56.96,2946572,54.3532959549939,54.7468126659519,54.2957081436342,54.6700289174723,2946572,0.0,1.0
2024-07-12,57.61,57.83,57.17,57.21,3254839,55.293896873869,55.5050521821879,54.8715862572312,54.909978131471,3254839,0.0,1.0
2024-07-15,56.96,57.62,56.9,57.59,2168402,54.6700289174723,55.3034948424289,54.6124411061126,55.2747009367491,2168402,0.0,1.0
2024-07-16,57.34,57.37,56.98,57.15,2036144,55.0347517227504,55.0635456284302,54.6892248545922,54.8523903201113,2036144,0.0,1.0
2024-07-17,58.2,58.21,57.69,57.7,2124652,55.860177018906,55.869774987466,55.3706806223486,55.3802785909085,2124652,0.0,1.0
2024-07-18,58.04,58.62,57.99,58.55,2182711,55.7066095219468,56.2632916984239,55.6586196791471,56.1961059185042,2182711,0.0,1.0
2024-07-19,58.03,58.56,57.845,58.27,3057972,55.6970115533869,56.2057038870642,55.5194491350278,55.9273627988257,3057972,0.0,1.0
2024-07-22,58.16,58.38,57.77,58.33,2709254,55.8217851446662,56.0329404529851,55.4474643708282,55.9849506101854,2709254,0.0,1.0
2024-07-23,57.27,57.82,57.25,57.73,2278851,54.9675659428307,55.4954542136279,54.9483700057108,55.4090724965884,2278851,0.0,1.0
2024-07-24,56.54,56.99,56.4,56.42,4375385,54.2669142379544,54.6988228231521,54.1325426781151,54.151738615235,4375385,0.0,1.0
2024-07-25,59.08,60.26,59.06,60.07,5804826,56.7047982521816,57.8373585422556,56.6856023150617,57.6549971396166,5804826,0.0,1.0
2024-07-26,60.73,60.89,60.21,60.46,8462574,58.2884630645732,58.4420305615324,57.7893686994559,58.0293179134546,8462574,0.0,1.0
2024-07-29,60.92,61.07,60.625,60.99,3136400,58.4708244672123,58.6147939956115,58.1876843946938,58.5380102471319,3136400,0.0,1.0
2024-07-30,61.06,61.155,60.47,60.71,3581610,58.6051960270516,58.6963767283711,58.0389158820145,58.2692671274533,3581610,0.0,1.0
2024-07-31,61.4,61.625,61.02,61.23,2186036,58.9315269580898,59.1474812506887,58.5668041528118,58.7683614925707,2186036,0.0,1.0
2024-08-01,61.63,61.8,60.91,61.35,3085279,59.1522802349687,59.3154457004878,58.4612264986523,58.8835371152901,3085279,0.0,1.0
2024-08-02,62.54,62.65,61.86,62.26,4790459,60.0256953739241,60.1312730280835,59.3730335118475,59.7569522542455,4790459,0.0,1.0
2024-08-05,60.72,60.85,60.28,60.66,3950074,58.2788650960133,58.4036386872926,57.8565544793755,58.2212772846536,3950074,0.0,1.0
2024-08-06,61.32,61.52,60.12,60.15,5239793,58.8547432096102,59.0467025808092,57.7029869824163,57.7317808880962,5239793,0.0,1.0
2024-08-07,61.1,61.73,61.09,61.29,2452946,58.6435879012914,59.2482599205682,58.6339899327314,58.8259493039304,2452946,0.0,1.0
2024-08-08,61.42,61.605,61.05,61.14,1717658,58.9507228952097,59.1282853135688,58.5955980584916,58.6819797755312,1717658,0.0,1.0
2024-08-09,60.44,60.72,60.285,60.69,4222484,58.4682330157011,58.7390984234508,58.3182896649825,58.7100771297634,4222484,0.4773,1.0
2024-08-12,60.19,60.395,60.06,60.26,2822646,58.2263889016388,58.4247010751699,58.1006299623264,58.2941052535762,2822646,0.0,1.0
2024-08-13,60.8,60.85,60.335,60.4,1751236,58.8164885399508,58.8648573627632,58.3666584877949,58.4295379574511,1751236,0.0,1.0
2024-08-14,60.86,60.99,60.42,60.5,2563629,58.8745311273257,59.0002900666381,58.4488854865761,58.526275603076,2563629,0.0,1.0
2024-08-15,61.35,61.44,60.9,61.09,2315908,59.3485455908878,59.4356094719503,58.9132261855757,59.0970277122631,2315908,0.0,1.0
2024-08-16,60.99,61.21,60.88,61.12,3448717,59.0002900666381,59.213112887013,58.8938786564507,59.1260490059505,3448717,0.0,1.0
2024-08-19,61.45,61.59,61.025,61.06,1632840,59.4452832365128,59.5807159403876,59.0341482426069,59.0680064185756,1632840,0.0,1.0
2024-08-20,61.36,61.51,61.18,61.2,1016476,59.3582193554503,59.5033258238877,59.1840915933255,59.2034391224505,1016476,0.0,1.0
2024-08-21,61.8,61.905,61.355,61.57,1545615,59.7838649962,59.8854395241061,59.3533824731691,59.5613684112627,1545615,0.0,1.0
2024-08-22,62.52,63.19,62.455,62.9,4462849,60.4803760446994,61.1285182703864,60.4174965750432,60.8479790980741,4462849,0.0,1.0
2024-08-23,63.6,63.62,62.79,62.9,2898830,61.5251426174485,61.5444901465735,60.7415676878867,60.8479790980741,2898830,0.0,1.0
2024-08-26,63.63,63.76,63.37,63.37,1849980,61.554163911136,61.6799228504484,61.3026460325112,61.3026460325112,1849980,0.0,1.0
2024-08-27,64.09,64.25,63.85,64.0,2353357,61.9991570810106,62.1539373140105,61.7669867315108,61.9120931999482,2353357,0.0,1.0
2024-08-28,64.39,64.39,63.96,64.03,3579436,62.2893700178854,62.2893700178854,61.8733981416982,61.9411144936357,3579436,0.0,1.0
2024-08-29,65.06,65.17,64.28,64.28,4439424,62.9375122435723,63.0439236537597,62.182958607698,62.182958607698,4439424,0.0,1.0
2024-08-30,64.79,64.92,64.34,64.79,3097449,62.6763206003851,62.8020795396975,62.2410011950729,62.6763206003851,3097449,0.0,1.0
2024-09-03,64.86,65.03,64.6899,64.8,2599785,62.7440369523225,62.9084909498849,62.5794862171145,62.6859943649475,2599785,0.0,1.0
2024-09-04,65.1,65.275,64.89,64.89,1781145,62.9762073018223,63.1454981816659,62.77305824601,62.77305824601,1781145,0.0,1.0
2024-09-05,65.46,65.725,65.265,65.32,2375603,63.324462826072,63.580817586978,63.1358244171034,63.1890301221971,2375603,0.0,1.0
2024-09-06,65.25,65.65,65.24,65.45,2463009,63.1213137702597,63.5082643527594,63.1116400056972,63.3147890615095,2463009,0.0,1.0
2024-09-09,65.59,65.865,65.3612,65.46,2533146,63.4502217653844,63.7162502908529,63.2288860321946,63.324462826072,2533146,0.0,1.0
2024-09-10,65.35,65.6,65.08,65.52,3344678,63.2180514158846,63.4598955299469,62.9568597726973,63.382505413447,3344678,0.0,1.0
2024-09-11,64.89,65.2,64.49,65.15,2244957,62.77305824601,63.0729449474472,62.3861076635103,63.0245761246348,2244957,0.0,1.0
2024-09-12,64.88,64.925,64.35,64.69,1769500,62.7633844814475,62.8069164219787,62.2506749596354,62.5795829547601,1769500,0.0,1.0
2024-09-13,65.06,65.24,64.905,64.97,2074873,62.9375122435723,63.1116400056972,62.7875688928537,62.8504483625099,2074873,0.0,1.0
2024-09-16,65.56,65.62,65.35,65.54,1353074,63.4212004716969,63.4792430590719,63.2180514158846,63.401852942572,1353074,0.0,1.0
2024-09-17,64.82,65.15,64.695,64.87,2039508,62.7053418940725,63.0245761246348,62.5844198370414,62.753710716885,2039508,0.0,1.0
2024-09-18,64.37,64.96,64.305,64.91,1533079,62.2700224887604,62.8407745979474,62.2071430191042,62.792405775135,1533079,0.0,1.0
2024-09-19,64.32,64.605,64.19,64.55,1783028,62.2216536659479,62.497355955979,62.0958947266355,62.4441502508853,1783028,0.0,1.0
2024-09-20,64.41,64.45,64.165,64.41,1216934,62.3087175470104,62.3474126052603,62.0717103152293,62.3087175470104,1216934,0.0,1.0
2024-09-23,64.9,65.115,64.595,64.71,1439750,62.7827320105725,62.990717948666,62.4876821914165,62.5989304838851,1439750,0.0,1.0
2024-09-24,64.77,65.01,64.42,64.62,1592426,62.6569730712601,62.8891434207599,62.3183913115729,62.5118666028227,1592426,0.0,1.0
2024-09-25,65.3,65.495,65.27,65.39,1240133,63.1696825930721,63.3583210020407,63.1406612993847,63.2567464741346,1240133,0.0,1.0
2024-09-26,65.24,65.31,64.53,64.72,1333928,63.1116400056972,63.1793563576346,62.4248027217603,62.6086042484476,1333928,0.0,1.0
2024-09-27,65.44,65.87,65.38,65.56,1392412,63.305115296947,63.7210871731342,63.2470727095721,63.4212004716969,1392412,0.0,1.0
2024-09-30,64.96,65.49,64.62,65.46,1876582,62.8407745979474,63.3534841197595,62.5118666028227,63.324462826072,1876582,0.0,1.0
2024-10-01,64.64,64.755,64.375,64.69,4307910,62.5312141319477,62.6424624244163,62.2748593710416,62.5795829547601,4307910,0.0,1.0
2024-10-02,64.14,64.43,64.06,64.32,2381340,62.0475259038231,62.3280650761354,61.9701357873232,62.2216536659479,2381340,0.0,1.0
2024-10-03,62.91,63.48,62.8,63.44,1648707,60.8576528626366,61.4090574426986,60.7512414524492,61.3703623844486,1648707,0.0,1.0
2024-10-04,62.84,62.89,62.17,62.25,1320252,60.7899365106991,60.8383053335116,60.1417942850122,60.2191844015121,1320252,0.0,1.0
2024-10-07,62.23,62.7,62.2,62.66,1266784,60.1998368723871,60.6545038068243,60.1708155786997,60.6158087485743,1266784,0.0,1.0
2024-10-08,62.89,62.92,62.425,62.68,1106515,60.8383053335116,60.8673266271991,60.3884752813557,60.6351562776993,1106515,0.0,1.0
2024-10-09,62.9,62.98,62.6,62.64,1089837,60.8479790980741,60.925369214574,60.5577661611993,60.5964612194493,1089837,0.0,1.0
2024-10-10,62.4,62.74,62.3,62.66,985632,60.3642908699495,60.6931988650742,60.2675532243246,60.6158087485743,985632,0.0,1.0
2024-10-11,62.79,62.965,62.73,62.81,997066,60.7415676878867,60.9108585677303,60.6835251005117,60.7609152170117,997066,0.0,1.0
2024-10-14,63.09,63.145,62.64,62.73,730662,61.0317806247614,61.0849863298551,60.5964612194493,60.6835251005117,730662,0.0,1.0
2024-10-15,63.32,63.91,63.25,63.53,1422492,61.2542772096987,61.8250293188858,61.1865608577613,61.4574262655111,1422492,0.0,1.0
2024-10-16,63.18,63.36,62.965,63.26,1296334,61.1188445058239,61.2929722679487,60.9108585677303,61.1962346223238,1296334,0.0,1.0
2024-10-17,62.88,63.33,62.87,63.18,1939356,60.8286315689491,61.2639509742612,60.8189578043866,61.1188445058239,1939356,0.0,1.0
2024-10-18,62.95,63.005,62.405,62.6,1184766,60.8963479208865,60.9495536259803,60.3691277522307,60.5577661611993,1184766,0.0,1.0
2024-10-21,62.3,62.79,62.19,62.64,941237,60.2675532243246,60.7415676878867,60.1611418141372,60.5964612194493,941237,0.0,1.0
2024-10-22,61.88,62.02,61.67,61.77,1828530,59.8612551126999,59.9966878165748,59.6581060568876,59.7548437025125,1828530,0.0,1.0
2024-10-23,60.64,60.65,60.17,60.23,2642157,58.6617083069509,58.6713820715134,58.2070413725138,58.2650839598887,2642157,0.0,1.0
2024-10-24,62.3,62.415,61.96,62.33,2631075,60.2675532243246,60.3788015167932,59.9386452291998,60.296574518012,2631075,0.0,1.0
2024-10-25,61.69,62.07,61.64,61.98,1512274,59.6774535860126,60.0450566393873,59.6290847632001,59.9579927583248,1512274,0.0,1.0
2024-10-28,62.54,62.61,62.24,62.28,1681514,60.4997235738244,60.5674399257618,60.2095106369496,60.2482056951996,1681514,0.0,1.0
2024-10-29,62.29,62.465,62.01,62.25,2270271,60.2578794597621,60.4271703396057,59.9870140520123,60.2191844015121,2270271,0.0,1.0
2024-10-30,61.6,61.9,61.57,61.6,1543703,59.5903897049501,59.8806026418249,59.5613684112627,59.5903897049501,1543703,0.0,1.0
2024-10-31,60.91,61.12,60.75,60.92,2895973,58.9228999501382,59.1260490059505,58.7681197171383,58.9325737147007,2895973,0.0,1.0
2024-11-01,61.32,61.835,61.285,61.77,1789242,59.3195242972004,59.8177231721687,59.2856661212316,59.7548437025125,1789242,0.0,1.0
2024-11-04,61.31,61.875,61.3,61.72,1410950,59.3098505326379,59.8564182304187,59.3001767680754,59.7064748797,1410950,0.0,1.0
2024-11-05,61.66,61.725,61.22,61.37,1169043,59.6484322923251,59.7113117619813,59.2227866515754,59.3678931200128,1169043,0.0,1.0
2024-11-06,59.27,60.07,59.06,60.04,2201453,57.3364025618895,58.1103037268889,57.1332535060772,58.0812824332014,2201453,0.0,1.0
2024-11-07,59.61,59.8,59.4217,59.54,1642523,57.6653105570143,57.8491120837016,57.4831535703025,57.5975942050768,1642523,0.0,1.0
2024-11-08,59.0,59.01,58.535,58.69,3283741,57.5351984236487,57.5449501521951,57.081743046242,57.2328948387109,3283741,0.4755,1.0
2024-11-11,58.23,58.66,58.1601,58.5,3118934,56.7843153255774,57.2036396530718,56.7161507430382,57.0476119963297,3118934,0.0,1.0
2024-11-12,57.57,57.73,57.41,57.61,2919310,56.1407012415162,56.2967288982583,55.9846735847741,56.1797081557018,2919310,0.0,1.0
2024-11-13,57.38,57.54,56.97,57.34,1733833,55.955418399135,56.1114460558771,55.5555975287334,55.9164114849495,1733833,0.0,1.0
2024-11-14,57.4,57.65,57.365,57.445,2050202,55.9749218562278,56.2187150698873,55.9407908063154,56.0188046346865,2050202,0.0,1.0
2024-11-15,57.4,57.57,56.87,57.09,2057759,55.9749218562278,56.1407012415162,55.4580802432695,55.6726182712899,2057759,0.0,1.0
2024-11-18,57.9,58.03,57.28,57.28,3624010,56.4625082835468,56.5892807546498,55.8579011136712,55.8579011136712,3624010,0.0,1.0
2024-11-19,57.86,57.97,57.475,57.51,2002882,56.4235013693613,56.5307703833715,56.0480598203256,56.0821908702379,2002882,0.0,1.0
2024-11-20,57.55,57.635,56.98,57.5,2853885,56.1211977844235,56.2040874770677,55.5653492572797,56.0724391416916,2853885,0.0,1.0
2024-11-21,57.63,57.6555,57.17,57.22,2930273,56.1992116127945,56.2240785205878,55.750632099661,55.7993907423929,2930273,0.0,1.0
2024-11-22,58.61,58.87,58.24,58.27,3004003,57.1548810103399,57.4084259525458,56.7940670541238,56.8233222397629,3004003,0.0,1.0
2024-11-25,58.78,59.15,58.68,58.95,2773114,57.3206603956284,57.6814743518445,57.2231431101645,57.4864397809168,2773114,0.0,1.0
2024-11-26,59.1,59.28,58.85,59.28,2118666,57.6327157091125,57.8082468229474,57.388922495453,57.8082468229474,2118666,0.0,1.0
2024-11-27,59.74,60.015,59.69,59.74,1781232,58.2568263360809,58.5249988711064,58.208067693349,58.2568263360809,1781232,0.0,1.0
2024-11-29,59.84,59.9,59.53,59.7,1233415,58.3543436215448,58.412853992823,58.0520400366069,58.2178194218954,1233415,0.0,1.0
2024-12-02,59.91,59.99,59.52,59.96,2203408,58.4226057213694,58.5006195497405,58.0422883080606,58.4713643641013,2203408,0.0,1.0
2024-12-03,59.38,59.91,59.315,59.88,1756956,57.9057641084112,58.4226057213694,57.8423778728597,58.3933505357303,1756956,0.0,1.0
2024-12-04,59.37,59.4,58.845,58.91,1643826,57.8960123798648,57.925267565504,57.3840466311798,57.4474328667313,1643826,0.0,1.0
2024-12-05,59.55,59.69,59.39,59.49,1231021,58.0715434936997,58.208067693349,57.9155158369576,58.0130331224214,1231021,0.0,1.0
2024-12-06,59.04,59.72,58.9,59.64,1757800,57.5742053378343,58.2373228789882,57.4376811381849,58.1593090506171,1757800,0.0,1.0
2024-12-09,58.84,59.07,58.45,58.59,3356717,57.3791707669066,57.6034605234734,56.9988533535978,57.1353775532471,3356717,0.0,1.0
2024-12-10,58.71,58.835,58.37,58.56,3382086,57.2523982958037,57.3742949026334,56.9208395252267,57.106122367608,3382086,0.0,1.0
2024-12-11,58.78,59.24,58.72,58.94,2400197,57.3206603956284,57.7692399087619,57.2621500243501,57.4766880523704,2400197,0.0,1.0
2024-12-12,58.71,59.21,58.53,58.56,2295191,57.2523982958037,57.7399847231227,57.0768671819688,57.106122367608,2295191,0.0,1.0
2024-12-13,58.87,58.97,58.61,58.97,1291256,57.4084259525458,57.5059432380096,57.1548810103399,57.5059432380096,1291256,0.0,1.0
2024-12-16,59.32,59.9,58.94,58.96,3580664,57.8472537371329,58.412853992823,57.4766880523704,57.4961915094632,3580664,0.0,1.0
2024-12-17,59.3,59.52,58.94,58.97,2216774,57.8277502800402,58.0422883080606,57.4766880523704,57.5059432380096,2216774,0.0,1.0
2024-12-18,57.83,58.895357,57.83,58.7,3107274,56.3942461837221,57.4331534106208,56.3942461837221,57.2426465672573,3107274,0.0,1.0
2024-12-19,57.55,57.83,57.32,57.7,2268867,56.1211977844235,56.3942461837221,55.8969080278567,56.2674737126192,2268867,0.0,1.0
2024-12-20,57.16,57.67,56.87,56.96,7528324,55.7408803711146,56.23821852698,55.4580802432695,55.545845800187,7528324,0.0,1.0
2024-12-23,57.19,57.33,56.925,57.27,2092733,55.7701355567537,55.9066597564031,55.5117147502746,55.8481493851248,2092733,0.0,1.0
2024-12-24,57.19,57.26,57.03,57.08,947364,55.7701355567537,55.8383976565784,55.6141079000117,55.6628665427436,947364,0.0,1.0
2024-12-26,57.52,57.605,57.0,57.0,1868937,56.0919425987843,56.1748322914286,55.5848527143725,55.5848527143725,1868937,0.0,1.0
2024-12-27,57.46,57.65,57.26,57.26,1809310,56.033432227506,56.2187150698873,55.8383976565784,55.8383976565784,1809310,0.0,1.0
2024-12-30,56.76,57.21,56.64,57.17,2063731,55.3508112292594,55.7896390138465,55.2337904867028,55.750632099661,2063731,0.0,1.0
2024-12-31,56.7,57.185,56.45,56.86,1553888,55.2923008579811,55.7652596924806,55.0485076443215,55.4483285147232,1553888,0.0,1.0
2025-01-02,56.52,57.05,56.5,56.89,1911650,55.1167697441462,55.6336113571044,55.0972662870535,55.4775837003623,1911650,0.0,1.0
2025-01-03,56.51,57.04,56.46,57.03,2346019,55.1070180155998,55.623859628558,55.0582593728679,55.6141079000117,2346019,0.0,1.0
2025-01-06,55.43,55.85,55.3,55.56,2128993,54.0538313325907,54.4634039315387,53.9270588614877,54.1806038036936,2128993,0.0,1.0
2025-01-07,55.85,56.43,55.825,56.04,2260712,54.4634039315387,55.0290041872288,54.4390246101727,54.6486867739199,2260712,0.0,1.0
2025-01-08,56.14,56.15,55.285,55.58,1976605,54.7462040593837,54.7559557879301,53.9124312686681,54.2001072607864,1976605,0.0,1.0
2025-01-10,55.13,55.77,55.08,55.63,2718431,53.7612794761992,54.3853901031676,53.7125208334673,54.2488659035183,2718431,0.0,1.0
2025-01-13,55.03,55.16,54.758,54.88,1850926,53.6637621907354,53.7905346618384,53.3985151742739,53.5174862625397,1850926,0.0,1.0
2025-01-14,54.74,54.86,54.61,54.72,2557537,53.3809620628904,53.4979828054469,53.2541895917874,53.3614586057976,2557537,0.0,1.0
2025-01-15,54.72,55.14,54.6,55.07,2640371,53.3614586057976,53.7710312047456,53.244437863241,53.7027691049209,2640371,0.0,1.0
2025-01-16,55.44,55.565,54.76,54.82,1801229,54.063583061137,54.1854796679668,53.4004655199831,53.4589758912614,1801229,0.0,1.0
2025-01-17,55.66,56.28,55.595,56.02,3801435,54.2781210891574,54.8827282590331,54.214734853606,54.6291833168272,3801435,0.0,1.0
2025-01-21,56.91,57.095,56.6,56.79,3018280,55.4970871574551,55.6774941355631,55.1947835725173,55.3800664148985,3018280,0.0,1.0
2025-01-22,56.05,56.66,55.99,56.65,2129764,54.6584385024663,55.2532939437955,54.599928131188,55.2435422152492,2129764,0.0,1.0
2025-01-23,56.67,56.75,56.29,56.59,2170593,55.2630456723419,55.341059500713,54.8924799875794,55.1850318439709,2170593,0.0,1.0
2025-01-24,56.5,56.81,56.46,56.66,2940044,55.0972662870535,55.3995698719913,55.0582593728679,55.2532939437955,2940044,0.0,1.0
2025-01-27,58.13,58.25,57.48,57.66,2920648,56.6867980401136,56.8038187826701,56.0529356845988,56.2284667984337,2920648,0.0,1.0
2025-01-28,57.48,58.24,57.385,58.22,2911769,56.0529356845988,56.7940670541238,55.9602942634082,56.774563597031,2911769,0.0,1.0
2025-01-29,57.27,57.625,57.12,57.53,3445856,55.8481493851248,56.1943357485213,55.7018734569291,56.1016943273307,3445856,0.0,1.0
2025-01-30,58.3,58.47,57.79,58.095,3443301,56.8525774254021,57.0183568106905,56.3552392695366,56.6526669902012,3443301,0.0,1.0
2025-01-31,57.38,58.0,57.365,57.67,1763079,55.955418399135,56.5600255690106,55.9407908063154,56.23821852698,1763079,0.0,1.0
2025-02-03,57.65,57.82,56.93,56.93,1860628,56.2187150698873,56.3844944551758,55.5165906145478,55.5165906145478,1860628,0.0,1.0
2025-02-04,57.25,57.65,57.24,57.61,1568457,55.828645928032,56.2187150698873,55.8188941994857,56.1797081557018,1568457,0.0,1.0
2025-02-05,58.25,58.305,57.763,58.1,1723199,56.8038187826701,56.8574532896752,56.3289096024614,56.6575428544744,1723199,0.0,1.0
2025-02-06,58.07,58.135,57.83,58.03,1546606,56.6282876688353,56.6916739043868,56.3942461837221,56.5892807546498,1546606,0.0,1.0
2025-02-07,58.27,58.335,57.92,58.22,1637646,56.8233222397629,56.8867084753144,56.4820117406396,56.774563597031,1637646,0.0,1.0
2025-02-10,58.26,58.575,58.195,58.54,2560403,56.8135705112165,57.1207499604275,56.7501842756651,57.0866189105152,2560403,0.0,1.0
2025-02-11,58.92,58.93,58.395,58.58,2744002,57.4571845952777,57.4669363238241,56.9452188465927,57.1256258247007,2744002,0.0,1.0
2025-02-12,59.14,59.295,58.62,58.78,2273382,57.6717226232981,57.822874415767,57.1646327388862,57.3206603956284,2273382,0.0,1.0
2025-02-13,55.96,56.36,55.13,55.33,9925255,54.5706729455489,54.9607420874041,53.7612794761992,53.9563140471269,9925255,0.0,1.0
2025-02-14,54.89,55.78,54.88,55.69,2502358,53.5272379910861,54.395141831714,53.5174862625397,54.3073762747966,2502358,0.0,1.0
2025-02-18,54.92,54.96,54.32,54.53,3548312,53.5564931767252,53.5955000909108,52.9713894639424,53.1761757634164,3548312,0.0,1.0
2025-02-19,55.64,55.69,54.67,54.8,4614203,54.2586176320647,54.3073762747966,53.3126999630657,53.4394724341686,4614203,0.0,1.0
2025-02-20,55.54,55.58,54.82,54.82,2737362,54.1611003466009,54.2001072607864,53.4589758912614,53.4589758912614,2737362,0.0,1.0
2025-02-21,56.13,56.215,55.28,55.36,2742789,54.7364523308374,54.8193420234816,53.9075554043949,53.985569232766,2742789,0.0,1.0
2025-02-24,56.32,56.74,56.075,56.12,2485226,54.9217351732186,55.3313077721666,54.6828178238323,54.726700602291,2485226,0.0,1.0
2025-02-25,55.9,56.155,55.2506,55.43,2802069,54.5121625742706,54.7608316522033,53.8788853224686,54.0538313325907,2802069,0.0,1.0
2025-02-26,56.01,56.315,55.835,55.93,2622581,54.6194315882808,54.9168593089454,54.4487763387191,54.5414177599097,2622581,0.0,1.0
2025-02-27,56.47,56.68,56.23,56.38,2319116,55.0680111014143,55.2727974008883,54.8339696163012,54.9802455444969,2319116,0.0,1.0
2025-02-28,56.6,56.83,56.2,56.67,1930079,55.6505793647751,55.876721295056,55.2572890512431,55.7194051696432,1930079,0.4674,1.0
2025-03-03,57.71,57.81,57.22,57.28,2247185,56.7419599848264,56.8402825632094,56.2601793507497,56.3191728977795,2247185,0.0,1.0
2025-03-04,58.02,59.115,57.96,58.89,3161534,57.0467599778136,58.1233922111074,56.9877664307838,57.9021664097457,3161534,0.0,1.0
2025-03-05,58.35,58.675,58.05,58.115,2126638,57.3712244864775,57.6907728662223,57.0762567513285,57.1401664272775,2126638,0.0,1.0
2025-03-06,58.25,58.575,58.18,58.225,1764491,57.2729019080945,57.5924502878393,57.2040761032264,57.2483212634988,1764491,0.0,1.0
2025-03-07,59.23,59.64,58.94,59.05,2380233,58.2364631762479,58.6395857476182,57.9513276989372,58.0594825351585,2380233,0.0,1.0
2025-03-10,60.29,61.26,59.97,60.63,3700676,59.2786825071076,60.2324115174227,58.964050256282,59.6129792736098,3700676,0.0,1.0
2025-03-11,59.33,60.07,58.97,60.06,2967093,58.3347857546309,59.062372834665,57.9808244724521,59.0525405768267,2967093,0.0,1.0
2025-03-12,59.03,59.505,59.03,59.26,2749961,58.0398180194819,58.5068502668011,58.0398180194819,58.2659599497628,2749961,0.0,1.0
2025-03-13,58.63,58.72,58.17,58.58,2152836,57.6465277059499,57.7350180264946,57.1942438453881,57.5973664167584,2152836,0.0,1.0
2025-03-14,58.71,58.8367,58.41,58.48,1567963,57.7251857686563,57.8497604754676,57.4302180335073,57.4990438383754,1567963,0.0,1.0
2025-03-17,59.72,59.965,59.36,59.46,2312405,58.7182438103246,58.9591341273629,58.3642825281458,58.4626051065288,2312405,0.0,1.0
2025-03-18,58.71,59.125,58.68,58.78,1887991,57.7251857686563,58.1332244689457,57.6956889951414,57.7940115735244,1887991,0.0,1.0
2025-03-19,58.92,58.965,58.545,58.71,1891242,57.9316631832606,57.9759083435329,57.5629535143244,57.7251857686563,1891242,0.0,1.0
2025-03-20,59.23,59.29,58.69,59.02,2840447,58.2364631762479,58.2954567232777,57.7055212529797,58.0299857616436,2840447,0.0,1.0
2025-03-21,58.65,58.97,58.57,58.77,2248669,57.6661922216265,57.9808244724521,57.5875341589201,57.7841793156861,2248669,0.0,1.0
2025-03-24,58.14,58.72,58.0,58.56,2254764,57.1647470718732,57.7350180264946,57.027095462137,57.5777019010818,2254764,0.0,1.0
2025-03-25,58.09,58.49,58.01,58.45,2219068,57.1155857826817,57.5088760962137,57.0369277199753,57.4695470648605,2219068,0.0,1.0
2025-03-26,58.19,58.24,57.67,57.69,2286390,57.2139083610647,57.2630696502562,56.7026309534732,56.7222954691498,2286390,0.0,1.0
2025-03-27,58.67,58.75,58.18,58.19,3492436,57.6858567373031,57.7645148000095,57.2040761032264,57.2139083610647,3492436,0.0,1.0
2025-03-28,59.18,59.4,58.98,59.17,3362459,58.1873018870564,58.403611559499,57.9906567302904,58.1774696292181,3362459,0.0,1.0
2025-03-31,59.55,59.95,59.285,59.59,2764744,58.5510954270735,58.9443857406054,58.2905405943585,58.5904244584267,2764744,0.0,1.0
2025-04-01,59.57,59.85,59.37,59.82,1825972,58.5707599427501,58.8460631622224,58.3741147859841,58.8165663887075,1825972,0.0,1.0
2025-04-02,59.86,60.22,59.65,60.0,2438327,58.8558954200607,59.2098567022395,58.6494180054565,58.9935470297969,2438327,0.0,1.0
2025-04-03,62.55,63.035,62.16,62.35,6599585,61.5007727785633,61.9776372837208,61.1173147228696,61.3041276217973,6599585,0.0,1.0
2025-04-04,59.92,62.385,59.9,62.04,5916507,58.9148889670905,61.3385405242314,58.8952244514139,60.99932762881,5916507,0.0,1.0
2025-04-07,57.9,58.91,56.8,57.57,7527323,56.928772883754,57.9218309254223,55.8472245215411,56.6043083750902,7527323,0.0,1.0
2025-04-08,57.9,59.08,57.665,58.74,5119182,56.928772883754,58.0889793086734,56.697714824554,57.7546825421712,5119182,0.0,1.0
2025-04-09,59.42,59.65,57.35,57.46,5222183,58.4232760751756,58.6494180054565,56.3879987026476,56.4961535388689,5222183,0.0,1.0
2025-04-10,59.91,60.195,58.86,59.37,3292706,58.9050567092522,59.1852760576438,57.8726696362308,58.3741147859841,3292706,0.0,1.0
2025-04-11,61.91,61.95,60.64,60.9,3906263,60.8715082769121,60.9108373082653,59.6228115314481,59.8784502352439,3906263,0.0,1.0
2025-04-14,62.24,62.245,61.35,61.43,3318967,61.195972785576,61.2008889144952,60.3209018379674,60.3995599006738,3318967,0.0,1.0
2025-04-15,62.15,62.37,61.83,61.915,2274331,61.1074824650313,61.3237921374739,60.7928502142057,60.8764244058313,2274331,0.0,1.0
2025-04-16,62.57,62.95,62.27,62.81,2881711,61.5204372942399,61.8940630920953,61.2254695590909,61.7564114823591,2881711,0.0,1.0
2025-04-17,63.84,64.12,63.18,63.18,3154036,62.7691340397039,63.0444372591763,62.1202050223762,62.1202050223762,3154036,0.0,1.0
2025-04-21,63.67,64.2,63.445,63.79,3345423,62.6019856564529,63.1230953218827,62.3807598550911,62.7199727505124,3345423,0.0,1.0
2025-04-22,65.43,65.66,64.835,65.16,4103468,64.3324630359936,64.5586049662744,63.7474436946147,64.0669920743595,4103468,0.0,1.0
2025-04-23,64.22,64.24,63.09,63.81,5486487,63.1427598375593,63.1624243532359,62.0317147018315,62.739637266189,5486487,0.0,1.0
2025-04-24,63.69,64.03,63.555,63.87,2374757,62.6216501721294,62.9559469386316,62.4889146913124,62.7986308132188,2374757,0.0,1.0
2025-04-25,62.62,62.87,62.345,62.76,2318899,61.5695985834314,61.8154050293889,61.2992114928782,61.7072501931676,2318899,0.0,1.0
2025-04-28,63.18,63.205,62.6302,62.96,1938937,62.1202050223762,62.1447856669719,61.5796274864265,61.9038953499336,1938937,0.0,1.0
2025-04-29,63.14,63.14,62.58,62.71,1956435,62.080875991023,62.080875991023,61.5302695520782,61.6580889039761,1956435,0.0,1.0
2025-04-30,63.55,63.88,63.163345,63.68,2258292,62.4839985623933,62.8084630710571,62.1038293969465,62.6118179142912,2258292,0.0,1.0
2025-05-01,62.99,63.28,62.63,63.26,2337437,61.9333921234485,62.2185276007592,61.5794308412697,62.1988630850826,2337437,0.0,1.0
2025-05-02,63.5,63.715,63.23,63.62,1978210,62.4348372732018,62.6462308167252,62.1693663115677,62.5528243672614,1978210,0.0,1.0
2025-05-05,63.47,63.845,63.25,63.8,1303588,62.4053404996869,62.7740501686231,62.1890308272443,62.7298050083507,1303588,0.0,1.0
2025-05-06,63.9,64.21,63.8,64.21,1751994,62.8281275867337,63.132927579721,62.7298050083507,63.132927579721,1751994,0.0,1.0
2025-05-07,64.11,64.375,63.66,63.87,2081164,63.034605001338,63.295159834053,62.5921533986145,62.7986308132188,2081164,0.0,1.0
2025-05-08,62.58,63.2,62.505,63.03,2699004,61.5302695520782,62.1398695380528,61.456527618291,61.9727211548017,2699004,0.0,1.0
2025-05-09,62.5,62.82,62.405,62.62,2026011,61.4516114893718,61.7662437401974,61.358205039908,61.5695985834314,2026011,0.0,1.0
2025-05-12,61.44,61.625,61.05,61.27,2703817,60.4093921585121,60.5912889285206,60.0259341028184,60.242243775261,2703817,0.0,1.0
2025-05-13,60.77,61.04,60.515,60.9,2691478,59.750630883346,60.0161018449801,59.4999083084694,59.8784502352439,2691478,0.0,1.0
2025-05-14,60.6,60.93,60.505,60.9,1856351,59.5834825000949,59.9079470087588,59.4900760506311,59.8784502352439,1856351,0.0,1.0
2025-05-15,61.84,61.86,61.2,61.38,1995257,60.802682472044,60.8223469877206,60.1734179703929,60.3503986114823,1995257,0.0,1.0
2025-05-16,61.75,61.8,61.255,61.35,1691298,61.2255678816693,61.2751432402779,60.7347718314438,60.8289650128002,1691298,0.5201,1.0
2025-05-19,62.45,62.49,61.98,62.0,1876581,61.9196229021903,61.9592831890772,61.453614531269,61.4734446747125,1876581,0.0,1.0
2025-05-20,63.29,63.32,62.76,62.77,1984559,62.7524889268154,62.7822341419806,62.2269901255638,62.2369051972856,1984559,0.0,1.0
2025-05-21,63.46,63.73,63.325,63.41,1471777,62.9210451460848,63.1887520825714,62.7871916778414,62.8714697874761,1471777,0.0,1.0
2025-05-22,63.31,63.4954,62.84,63.04,1849713,62.7723190702589,62.9561444999797,62.3063106993377,62.5046121337722,1849713,0.0,1.0
2025-05-23,63.78,63.78,62.92,63.33,1460798,63.2383274411801,63.2383274411801,62.3856312731115,62.7921492137023,1460798,0.0,1.0
2025-05-27,63.74,64.08,63.6,63.76,1836583,63.1986671542932,63.5357795928319,63.059856150189,63.2184972977366,1836583,0.0,1.0
2025-05-28,63.3,63.42,63.01,63.07,2032017,62.7624039985371,62.8813848591979,62.474866918607,62.5343573489374,2032017,0.0,1.0
2025-05-29,63.57,63.58,63.12,63.23,2144575,63.0301109350238,63.0400260067455,62.583932707546,62.692998496485,2144575,0.0,1.0
2025-05-30,63.84,63.91,63.505,63.58,2356356,63.2978178715104,63.3672233735625,62.9656629688325,63.0400260067455,2356356,0.0,1.0
2025-06-02,63.41,63.59,63.05,63.47,2728088,62.8714697874761,63.0499410784672,62.5145272054939,62.9309602178065,2728088,0.0,1.0
2025-06-03,62.71,63.095,62.64,62.97,2553316,62.1774147669552,62.5591450282417,62.1080092649031,62.4352066317201,2553316,0.0,1.0
2025-06-04,63.08,63.275,62.6,62.8,1750773,62.5442724206591,62.7376163192328,62.0683489780162,62.2666504124507,1750773,0.0,1.0
2025-06-05,63.07,63.36,62.91,63.3,1661501,62.5343573489374,62.8218944288675,62.3757162013897,62.7624039985371,1661501,0.0,1.0
2025-06-06,63.02,63.08,62.68,62.69,1661234,62.4847819903287,62.5442724206591,62.14766955179,62.1575846235117,1661234,0.0,1.0
2025-06-09,62.75,62.97,62.32,62.6,2086279,62.2170750538421,62.4352066317201,61.7907269698078,62.0683489780162,2086279,0.0,1.0
2025-06-10,63.13,63.16,62.85,63.16,1525069,62.5938477792678,62.6235929944329,62.3162257710594,62.6235929944329,1525069,0.0,1.0
2025-06-11,62.94,63.11,62.845,62.9,2031734,62.4054614165549,62.5740176358243,62.3112682351985,62.365801129668,2031734,0.0,1.0
2025-06-12,63.65,63.65,63.226266,63.38,1698174,63.1094315087976,63.1094315087976,62.6892962087041,62.841724572311,1698174,0.0,1.0
2025-06-13,62.67,63.34,62.58,63.12,1987930,62.1377544800683,62.802064285424,62.0485188345727,62.583932707546,1987930,0.0,1.0
2025-06-16,62.78,63.55,62.78,63.02,2409062,62.2468202690073,63.0102807915803,62.2468202690073,62.4847819903287,2409062,0.0,1.0
2025-06-17,62.21,62.75,62.145,62.66,1956593,61.6816611808688,62.2170750538421,61.6172132146776,62.1278394083465,1956593,0.0,1.0
2025-06-18,62.1,62.4,62.05,62.38,1634274,61.5725953919298,61.8700475435816,61.5230200333211,61.8502174001382,1634274,0.0,1.0
2025-06-20,61.27,61.84,61.16,61.82,2246737,60.7496444390264,61.3148035271649,60.6405786500874,61.2949733837214,2246737,0.0,1.0
2025-06-23,62.35,62.37,61.24,61.26,2956678,61.820472184973,61.8403023284164,60.7198992238612,60.7397293673046,2956678,0.0,1.0
2025-06-24,62.34,62.94,62.23,62.915,4008505,61.8105571132513,62.4054614165549,61.7014913243122,62.3806737372506,4008505,0.0,1.0
2025-06-25,61.29,61.86,61.25,61.68,1836226,60.7694745824698,61.3346336706083,60.7298142955829,61.1561623796172,1836226,0.0,1.0
2025-06-26,60.68,61.11,60.37,61.03,2523979,60.1646552074444,60.5910032914787,59.8572879840709,60.5116827177049,2523979,0.0,1.0
2025-06-27,60.92,61.05,60.59,60.7,1982299,60.4026169287659,60.5315128611484,60.0754195619489,60.1844853508879,1982299,0.0,1.0
2025-06-30,61.17,61.195,60.665,60.92,2310687,60.6504937218091,60.6752814011134,60.1497825998618,60.4026169287659,2310687,0.0,1.0
2025-07-01,61.48,61.715,61.07,61.18,2072643,60.9578609451827,61.1908651306433,60.5513430045918,60.6604087935308,2072643,0.0,1.0
2025-07-02,61.39,61.445,60.61,60.62,1795676,60.8686252996871,60.9231581941566,60.0952497053923,60.1051647771141,1795676,0.0,1.0
2025-07-03,61.37,61.52,61.07,61.21,991909,60.8487951562437,60.9975212320696,60.5513430045918,60.690154008696,991909,0.0,1.0
2025-07-07,61.41,61.64,61.285,61.4,1852962,60.8884554431306,61.1165020927303,60.764517046609,60.8785403714088,1852962,0.0,1.0
2025-07-08,60.91,61.19,60.66,60.86,2092593,60.3927018570442,60.6703238652526,60.144825064001,60.3431264984355,2092593,0.0,1.0
2025-07-09,60.8,60.8,60.46,60.68,1644631,60.2836360681052,60.2836360681052,59.9465236295664,60.1646552074444,1644631,0.0,1.0
2025-07-10,61.47,61.67,60.96,61.0,1971200,60.9479458734609,61.1462473078955,60.4422772156528,60.4819375025397,1971200,0.0,1.0
2025-07-11,60.79,60.99,60.55,60.96,2015444,60.2737209963834,60.472022430818,60.035759275062,60.4422772156528,2015444,0.0,1.0
2025-07-14,60.97,61.415,60.92,61.09,2399787,60.4521922873745,60.8934129789914,60.4026169287659,60.5711731480353,2399787,0.0,1.0
2025-07-15,60.26,60.63,59.92,60.59,2055902,59.7482221951319,60.1150798488358,59.4111097565931,60.0754195619489,2055902,0.0,1.0
2025-07-16,60.32,60.35,59.98,60.005,2517903,59.8077126254622,59.8374578406274,59.4706001869235,59.4953878662278,2517903,0.0,1.0
2025-07-17,59.79,59.975,59.525,59.77,2230795,59.2822138242107,59.4656426510626,59.0194644235849,59.2623836807672,2230795,0.0,1.0
2025-07-18,59.7,60.02,59.675,59.89,1418656,59.1929781787151,59.5102604738104,59.1681904994108,59.3813645414279,1418656,0.0,1.0
2025-07-21,59.66,59.93,59.58,59.7,1804099,59.1533178918282,59.4210248283148,59.0739973180544,59.1929781787151,1804099,0.0,1.0
2025-07-22,60.34,60.61,59.89,59.9,2941989,59.8275427689057,60.0952497053923,59.3813645414279,59.3912796131497,2941989,0.0,1.0
2025-07-23,60.88,60.93,60.25,60.29,2832117,60.362956641879,60.4125320004876,59.7383071234101,59.7779674102971,2832117,0.0,1.0
2025-07-24,61.04,61.285,60.905,60.99,2444649,60.5215977894266,60.764517046609,60.3877443211833,60.472022430818,2444649,0.0,1.0
2025-07-25,60.43,60.445,60.13,60.16,1685393,59.9167784144012,59.9316510219838,59.6193262627494,59.6490714779146,1685393,0.0,1.0
2025-07-28,59.21,59.86,59.145,59.78,1823535,58.7071396643504,59.3516193262628,58.6426916981592,59.2722987524889,1823535,0.0,1.0
2025-07-29,59.33,59.465,59.02,59.35,2837451,58.8261205250112,58.9599739932545,58.5187533016376,58.8459506684546,2837451,0.0,1.0
2025-07-30,59.01,59.68,58.915,59.48,2250961,58.5088382299159,59.1731480352717,58.4146450485595,58.9748466008371,2250961,0.0,1.0
2025-07-31,58.43,59.34,58.155,58.9,3391423,57.9337640700557,58.8360355967329,57.6610995977082,58.3997724409769,3391423,0.0,1.0
2025-08-01,60.47,60.509,59.9653,60.225,2718590,59.9564387012881,59.9951074810029,59.4560250314925,59.7135194441058,2718590,0.0,1.0
2025-08-04,60.17,60.29,59.82,60.11,2025842,59.6589865496363,59.7779674102971,59.3119590393758,59.5994961193059,2025842,0.0,1.0
2025-08-05,60.13,60.267559,59.845,59.96,2426954,59.6193262627494,59.7557169978463,59.3367467186802,59.45077004348,2426954,0.0,1.0
2025-08-06,60.81,60.85,60.1,60.3,2928556,60.2935511398269,60.3332114267138,59.5895810475842,59.7878824820188,2928556,0.0,1.0
2025-08-07,61.32,61.53,61.02,61.26,2981989,60.799219797635,61.0074363037913,60.5017676459832,60.7397293673046,2981989,0.0,1.0
2025-08-08,61.06,61.18,60.8356,61.02,2120506,60.5414279328701,60.6604087935308,60.3189337234345,60.5017676459832,2120506,0.0,1.0
2025-08-11,60.9,60.99,60.69,60.83,1595150,60.3827867853224,60.472022430818,60.1745702791662,60.3133812832704,1595150,0.0,1.0
2025-08-12,61.08,61.14,60.645,60.93,1897151,60.5612580763135,60.6207485066439,60.1299524564184,60.4125320004876,1897151,0.0,1.0
2025-08-13,62.44,62.485,61.57,61.67,2341716,61.9097078304685,61.9543256532163,61.0470965906782,61.1462473078955,2341716,0.0,1.0
2025-08-14,61.68,61.9,61.56,61.7,1959438,61.1561623796172,61.3742939574952,61.0371815189565,61.1759925230607,1959438,0.0,1.0
2025-08-15,61.0,61.38,60.96,61.34,2007103,61.0,61.38,60.96,61.34,2007103,0.5225,1.0
2025-08-18,61.29,61.415,60.86,60.95,1880094,61.29,61.415,60.86,60.95,1880094,0.0,1.0
2025-08-19,61.97,61.97,61.37,61.38,1991445,61.97,61.97,61.37,61.38,1991445,0.0,1.0
2025-08-20,63.56,63.7,62.96,62.98,3005467,63.56,63.7,62.96,62.98,3005467,0.0,1.0
2025-08-21,63.27,63.405,63.045,63.2,1654289,63.27,63.405,63.045,63.2,1654289,0.0,1.0
2025-08-22,63.06,63.62,63.03,63.16,2323021,63.06,63.62,63.03,63.16,2323021,0.0,1.0
2025-08-25,62.06,63.05,62.06,63.02,1546474,62.06,63.05,62.06,63.02,1546474,0.0,1.0
2025-08-26,62.0,62.19,61.7908,62.14,2036358,62.0,62.19,61.7908,62.14,2036358,0.0,1.0
2025-08-27,62.52,62.59,61.83,61.93,1599925,62.52,62.59,61.83,61.93,1599925,0.0,1.0
2025-08-28,62.37,62.5,61.94,62.2,1734492,62.37,62.5,61.94,62.2,1734492,0.0,1.0
2025-08-29,63.2,63.255,62.68,62.77,3318456,63.2,63.255,62.68,62.77,3318456,0.0,1.0
