Date,Open,High,Low,Close,Adjusted_close,Volume
2020-01-02,3700,3722,3695,3709,3398.4004,14653
2020-01-03,3687,3709,3673,3694,3384.6565,8011
2020-01-06,3707,3707,3659,3673,3365.4151,4204
2020-01-07,3709,3709,3672,3675,3367.2476,2500
2020-01-08,3659,3685,3646,3685,3376.4102,788138
2020-01-09,3698,3713,3693,3710.5,3399.7747,3558
2020-01-10,3794,3794,3706,3714.5,3403.4398,3776
2020-01-13,3807,3807,3739.11,3766,3450.627,4141
2020-01-14,3772,3790,3772,3787.5,3470.3266,13486
2020-01-15,3784,3816,3783,3809.5,3490.4843,9146
2020-01-16,3822,3826,3793,3801,3482.6961,5336
2020-01-17,3828,3855,3823.405,3850.5,3528.0508,22229
2020-01-20,3884,3884,3862,3866.5,3542.711,6178
2020-01-21,3871,3871,3827,3846,3523.9277,4682
2020-01-22,3890,3890,3828,3832.5,3511.5582,4624
2020-01-23,3819,3838,3775,3802,3483.6123,13984
2020-01-24,3870,3875.595,3853,3870.5,3546.376,10688
2020-01-27,3846,3849,3790,3801,3482.6961,30809
2020-01-28,3838,3859,3825,3840,3518.4301,5530
2020-01-29,3853,3869,3847,3865.5,3541.7947,10725
2020-01-30,3800,3848,3800,3802,3483.6123,9420
2020-01-31,3824,3828,3772,3774,3457.9571,6946
2020-02-03,3776,3839,3776,3816,3496.4399,15164
2020-02-04,3876,3876,3848,3862.5,3539.0459,12139
2020-02-05,3875,3913.999,3860,3904.5,3577.5288,5128
2020-02-06,3944,3944,3896,3896,3569.7406,13831
2020-02-07,3925,3938,3899.405,3914.5,3586.6913,6097
2020-02-10,3922,3922,3890,3912.5,3584.8588,7432
2020-02-11,3965,3970,3923.268,3962.5,3630.6717,9504
2020-02-12,3963,3981,3948.65,3962,3630.2136,12906
2020-02-13,3981,3981,3918,3931.5,3602.2677,12396
2020-02-14,3950,3959,3938,3953,3621.9673,7946
2020-02-17,3982,3982,3949,3961.5,3629.7555,5543
2020-02-18,3970,3971,3941.5,3941.5,3611.4303,7543
2020-02-19,3965,3996,3965,3991.5,3657.2432,10940
2020-02-20,4029,4029,3985,3985,3651.2875,5391
2020-02-21,3939,3997,3939,3973.5,3640.7506,14010
2020-02-24,3949,3949,3847,3868,3544.0854,15050
2020-02-25,3871,3880,3784,3814,3494.6074,17315
2020-02-26,3787,3805,3703,3793,3475.366,20023
2020-02-27,3733,3748.344,3660,3690.5,3381.4496,8649
2020-02-28,3579,3599,3474,3511,3216.9813,36551
2020-03-02,3612,3635,3515,3608,3305.8583,21003
2020-03-03,3686,3803,3679,3719,3407.5629,11596
2020-03-04,3717,3755,3683.034,3740.5,3427.2625,10687
2020-03-05,3756,3791.212,3700,3736.5,3423.5974,13356
2020-03-06,3673,3673,3558.902,3602,3300.3608,45496
2020-03-09,3602,3602,3318,3371,3088.7052,11541
2020-03-10,3466,3518,3353,3353,3072.2126,18257
2020-03-11,3421,3427,3330,3348,3067.6313,8693
2020-03-12,3196,3223,3007,3007,2755.1873,14273
2020-03-13,3078,3244,3045,3090,2831.2367,11184
2020-03-16,2850,3079,2850,3052.5,2796.8771,52012
2020-03-17,3044,3216,2958.28,3176.5,2910.493,11534
2020-03-18,3099,3200,3095,3164,2899.0398,8714
2020-03-19,3243,3291,3125,3156.5,2892.1679,13574
2020-03-20,3238,3280,3056,3062.5,2806.0397,14643
2020-03-23,2964,3074,2858,2907.5,2664.0197,11943
2020-03-24,2964,3049,2940,3044,2789.0889,6206
2020-03-25,3130,3156.047,3020,3150,2886.2122,14590
2020-03-26,3092,3279,3033.52,3231.5,2960.8872,5836
2020-03-27,3231,3240,3106,3126.5,2864.6802,17160
2020-03-30,3220,3220,3102,3183.5,2916.9069,3874
2020-03-31,3273,3284,3165,3192,2924.695,26217
2020-04-01,3127,3127,3039.5,3039.5,2784.9657,15211
2020-04-02,3000,3083.96,2989,3059.5,2803.2909,7065
2020-04-03,3030,3115.84,3030,3064.5,2807.8722,6629
2020-04-06,3169,3186,3132.11,3182,2915.5325,12583
2020-04-07,3284,3322,3222,3258.5,2985.6262,16186
2020-04-08,3160,3227.82,3160,3226.5,2956.3059,17052
2020-04-09,3324,3352.83,3243,3348,3067.6313,35532
2020-04-14,3300,3404,3295,3316,3038.311,18367
2020-04-15,3327,3336,3254,3258.5,2985.6262,20478
2020-04-16,3280,3289,3242,3284,3008.9908,18004
2020-04-17,3379,3388,3319.5,3319.5,3041.5179,12181
2020-04-20,3346,3400,3310,3328.5,3049.7642,16265
2020-04-21,3332,3332,3258.5,3258.5,2985.6262,17703
2020-04-22,3314,3314,3265,3303,3026.3997,10046
2020-04-23,3337,3347,3298.496,3330,3051.1386,13519
2020-04-24,3301,3334.102,3264.898,3304,3027.3159,4663
2020-04-27,3306,3372,3306,3362.5,3080.917,8481
2020-04-28,3409,3459.714,3389.69,3412.5,3126.7299,7939
2020-04-29,3490,3514.14,3418,3472,3181.2472,15484
2020-04-30,3556,3556,3365.5,3365.5,3083.6658,8344
2020-05-01,3379,3379,3283,3299,3022.7346,6881
2020-05-04,3295,3323,3262.62,3282.5,3007.6164,25878
2020-05-05,3335,3341.5,3303,3341.5,3061.6756,3777
2020-05-06,3370,3371,3315.5,3315.5,3037.8529,8451
2020-05-07,3323,3354.442,3309,3342.5,3062.5919,36163
2020-05-11,3379,3380,3323.434,3341,3061.2175,28802
2020-05-12,3392,3392,3348,3371,3088.7052,5529
2020-05-13,3305,3351,3286.744,3292.5,3016.779,23170
2020-05-14,3280,3280,3179,3215.5,2959.422,16684
2020-05-15,3279,3298,3255.04,3279,3017.865,10692
2020-05-18,3343,3412,3328,3412,3140.2731,34758
2020-05-19,3457,3457,3373.17,3383,3113.5826,9006
2020-05-20,3351,3408,3351,3404.5,3133.3703,17348
2020-05-21,3361,3411.38,3361,3384,3114.5029,5276
2020-05-22,3367,3385.329,3349,3373.5,3104.8391,17551
2020-05-26,3485,3485,3429.854,3451,3176.1671,15906
2020-05-27,3478,3503,3470.451,3491,3212.9816,16705
2020-05-28,3553,3562,3517,3558,3274.6458,9746
2020-05-29,3531,3548.756,3517.756,3521.5,3241.0526,13279
2020-06-01,3578,3581,3527,3537.5,3255.7784,8169
2020-06-02,3535,3558,3518.451,3550.5,3267.7431,13155
2020-06-03,3592,3646,3551,3634,3344.5933,13497
2020-06-04,3649,3649.062,3622.488,3632,3342.7526,9689
2020-06-05,3650,3686.5,3625.248,3686.5,3392.9123,8920
2020-06-08,3684,3684,3640.558,3672,3379.567,15760
2020-06-09,3650,3684,3601,3611,3323.425,9396
2020-06-10,3629,3645,3581.814,3586.5,3300.8761,11432
2020-06-11,3530,3556,3468,3468,3191.8133,25181
2020-06-12,3433,3501,3433,3454,3178.9282,48144
2020-06-15,3396,3467.752,3364,3461,3185.3708,22663
2020-06-16,3558,3606,3525,3573,3288.4512,7673
2020-06-17,3589,3602,3546,3564,3280.168,15145
2020-06-18,3581,3615.59,3565.372,3583.5,3298.115,6652
2020-06-19,3598,3650,3592.31,3623,3334.4693,8107
2020-06-22,3580,3583,3536,3560,3276.4865,11437
2020-06-23,3560,3609,3559,3561.5,3277.8671,17498
2020-06-24,3560,3560,3488.5,3488.5,3210.6807,6461
2020-06-25,3475,3498.947,3444,3464,3188.1318,3945
2020-06-26,3484,3531,3484,3508.5,3229.0879,6923
2020-06-29,3482,3572,3482,3561,3277.4069,5742
2020-06-30,3570,3582,3549,3560.5,3276.9467,8902
2020-07-01,3549,3584,3537,3552,3269.1236,15427
2020-07-02,3548,3599.813,3546,3580.5,3295.3539,26458
2020-07-03,3575,3604,3557,3563.5,3279.7078,1139
2020-07-06,3657,3657,3601,3610.5,3322.9648,7935
2020-07-07,3579,3615,3553,3553,3270.044,15512
2020-07-08,3552,3564,3527.558,3537.5,3255.7784,5665
2020-07-09,3521,3551,3478.676,3482,3204.6983,14270
2020-07-10,3480,3512.109,3466,3508.5,3229.0879,6325
2020-07-13,3554,3569.5,3536,3569.5,3285.23,8241
2020-07-14,3545,3583,3540.065,3579.5,3294.4336,7881
2020-07-15,3605,3639,3597.355,3637,3347.3544,7464
2020-07-16,3656,3665,3624.994,3653,3362.0801,3258
2020-07-17,3685,3685,3655,3677.5,3384.629,7241
2020-07-20,3689,3689,3652,3664.5,3372.6643,5004
2020-07-21,3666,3693,3666,3679,3386.0095,4412
2020-07-22,3681,3700,3677,3695,3400.7353,6620
2020-07-23,3696,3722.514,3696,3714.5,3418.6824,3932
2020-07-24,3704,3704,3652.5,3652.5,3361.62,5218
2020-07-27,3684,3684,3636,3663.5,3371.7439,4761
2020-07-28,3671,3676,3645,3661,3369.443,3652
2020-07-29,3652,3682,3629,3672,3379.567,8148
2020-07-30,3679,3702,3598.271,3606,3318.8232,6181
2020-07-31,3570,3618,3563.5,3563.5,3279.7078,6794
2020-08-03,3598,3630,3565,3620,3331.7082,15396
2020-08-04,3618,3637,3598,3606.5,3319.2833,3558
2020-08-05,3628,3637.327,3620.639,3627,3338.1507,6252
2020-08-06,3621,3631,3586,3611,3323.425,4348
2020-08-07,3600,3673,3600,3669.5,3377.2661,3223
2020-08-10,3702,3728,3687,3699,3404.4168,3618
2020-08-11,3737,3754,3706,3720.5,3424.2045,4103
2020-08-12,3748,3788,3738,3786,3484.4882,11416
2020-08-13,3792,3792,3746,3760.5,3461.019,8448
2020-08-14,3755,3790,3709,3729.5,3432.4878,6635
2020-08-17,3724,3745,3718.426,3730,3432.948,8529
2020-08-18,3710,3712,3670,3679.5,3386.4697,2286
2020-08-19,3686,3695,3658,3689,3395.2132,6460
2020-08-20,3675,3687,3641,3646.5,3356.0978,8238
2020-08-21,3610,3659,3604,3645.5,3355.1774,2606
2020-08-24,3695,3707,3657,3705.5,3410.3991,4051
2020-08-25,3755,3755,3682.284,3686,3392.4521,3503
2020-08-26,3697,3697,3665,3668,3375.8856,3728
2020-08-27,3690,3690,3645,3646.5,3356.0978,3089
2020-08-28,3683,3683,3602.5,3602.5,3315.6019,8259
2020-09-01,3623,3640,3566,3595.5,3309.1594,11191
2020-09-02,3651,3683,3648,3681,3387.8503,7283
2020-09-03,3698,3725,3636,3643.5,3353.3367,3275
2020-09-04,3637,3675,3600.639,3605.5,3318.363,3763
2020-09-07,3641,3680,3596,3676.5,3383.7086,5479
2020-09-08,3679,3704.736,3642.636,3656,3364.8412,8764
2020-09-09,3708,3746,3680,3728.5,3431.5674,24083
2020-09-10,3733,3753.63,3710.636,3749,3450.4348,6863
2020-09-11,3740,3775,3737.366,3769.5,3469.3022,11537
2020-09-14,3794,3796,3758,3766.5,3466.5412,3604
2020-09-15,3786,3814,3775,3804,3501.0547,7095
2020-09-16,3818,3818,3768,3786,3484.4882,3436
2020-09-17,3742,3782,3724,3775,3474.3642,6055
2020-09-18,3755,3794,3755,3780,3478.966,5249
2020-09-21,3726,3768,3693,3707.5,3412.2398,8487
2020-09-22,3708,3746,3708,3730.5,3433.4082,11451
2020-09-23,3779,3794,3747.5,3747.5,3449.0543,11283
2020-09-24,3700,3718,3687,3698,3403.4964,27618
2020-09-25,3721,3746,3698,3742.5,3444.4525,3693
2020-09-28,3766,3799,3754,3770.5,3470.2226,4973
2020-09-29,3756,3794,3749,3772.5,3472.0633,2699
2020-09-30,3790,3799,3747,3788.5,3486.7891,24078
2020-10-01,3800,3839,3796,3810,3506.5769,12332
2020-10-02,3783,3807,3750,3802.5,3499.6742,10270
2020-10-05,3844,3863,3810,3841.5,3535.5683,18047
2020-10-06,3859,3885,3833,3869.5,3561.3384,1048669
2020-10-07,3892,3918,3886,3894.5,3584.3474,12370
2020-10-08,3940,3954.087,3891,3922.5,3610.1175,13469
2020-10-09,3942,3952,3920,3920.5,3608.2768,12467
2020-10-12,3933,3974,3929,3973,3656.5958,12057
2020-10-13,3973,3973,3935,3939.5,3625.7637,47399
2020-10-14,3976,3982,3929,3942,3628.0646,23740
2020-10-15,3932,3957,3889,3927,3614.2592,24417
2020-10-16,3949,3982,3941,3979,3662.118,15219
2020-10-19,3983,3994,3934,3936,3622.5424,6013
2020-10-20,3939,3961,3910,3943,3628.9849,11937
2020-10-21,3929,3972,3866.636,3869,3560.8782,16139
2020-10-22,3846,3914.866,3841,3895.5,3585.2678,7041
2020-10-23,3917,3933,3909,3926,3613.3388,13283
2020-10-26,3908,3916,3856,3881,3571.9225,14528
2020-10-27,3881,3919,3854,3865,3557.1968,13377
2020-10-28,3801,3841,3772,3799,3496.4529,26544
2020-10-29,3802,3819,3735.6,3772.5,3472.0633,15854
2020-10-30,3765,3794,3750,3786,3484.4882,21686
2020-11-02,3794,3860.6,3779,3856.5,3549.3737,33166
2020-11-03,3880,3913,3880,3907.5,3596.3121,3081
2020-11-04,3883,3950,3876,3940,3626.2239,11785
2020-11-05,3942,3998,3897,3988,3670.4012,2612
2020-11-06,3955,3985,3947,3958.5,3643.2505,4904
2020-11-09,4021,4190,4003.2,4096,3769.8002,61137
2020-11-10,4024,4076,4003.8,4070.5,3746.331,10744
2020-11-11,4087,4101,4076,4094,3767.9595,8352
2020-11-12,4053,4075,4042,4050.5,3762.6804,15178
2020-11-13,4027,4051,4013,4031,3744.566,12628
2020-11-16,4093,4121,4035,4092.5,3801.696,26915
2020-11-17,4101,4103,4023.4,4050,3762.2159,10890
2020-11-18,4030,4059,4016,4030,3743.6371,23953
2020-11-19,4023,4024,3970,3982,3699.0479,42914
2020-11-20,3968,4012,3968,4007,3722.2714,34336
2020-11-23,4005,4011,3983.1,3998.5,3714.3754,12166
2020-11-24,3999,4021,3978,4012.5,3727.3806,15560
2020-11-25,4009,4024.2,3979.5,3991,3707.4083,15585
2020-11-26,4000,4010,3989,4004,3719.4846,97010
2020-11-27,3985,4020,3980,4013,3727.8451,8476
2020-11-30,4004,4033,3987.5,3987.5,3704.157,5730
2020-12-01,4027,4036,3972,4002.5,3718.0912,20738
2020-12-02,4009,4026,4000,4004.5,3719.9491,10474
2020-12-03,4029,4035,3980,4008.5,3723.6648,9067
2020-12-04,4000,4030,3975,4006,3721.3425,9465
2020-12-07,4030,4050,4016,4016,3730.6319,5783
2020-12-08,4008,4042.7,4000,4028.5,3742.2437,5727
2020-12-09,4044,4053,4022.5,4040,3752.9265,11602
2020-12-10,4056,4084.5,4031,4040.5,3753.391,11877
2020-12-11,4054,4074,4030,4047,3759.4291,7671
2020-12-14,4046,4069,4026,4049.5,3761.7515,9648
2020-12-15,4049,4056,4016,4042,3754.7844,7765
2020-12-16,4060,4067.348,4043,4047.5,3759.8936,41119
2020-12-17,4044,4060,4022,4034,3747.3529,8670
2020-12-18,4052,4084,4052,4058.5,3770.1119,4935
2020-12-21,4083,4083,4000,4045,3757.5712,20429
2020-12-22,4038,4079,4038,4074,3784.5105,8492
2020-12-23,4066,4073,4034,4064,3775.2211,12033
2020-12-24,4064,4090,4032,4041,3753.8555,3800
2020-12-29,4123,4149.8,4109,4120,3827.2419,11183
2020-12-30,4123,4133,4080.6,4091,3800.3026,10663
2020-12-31,4073,4085,4053,4067,3778.008,7532
2021-01-04,4119,4139,4068,4091,3800.3026,10197
2021-01-05,4067,4113.9,4051,4077,3787.2974,8160
2021-01-06,4120,4210,4069,4207.5,3908.5243,16817
2021-01-07,4244,4273,4219,4265.5,3962.403,8532
2021-01-08,4323,4323,4265,4290.5,3985.6265,18742
2021-01-11,4300,4326,4276,4302.5,3996.7738,16769
2021-01-12,4322,4322,4267,4292,3987.0199,9513
2021-01-13,4295,4304,4249,4297.5,3992.1291,25584
2021-01-14,4290,4337,4262,4264.5,3961.474,12910
2021-01-15,4256,4290,4217,4242,3940.5728,20184
2021-01-18,4231,4275,4231,4265,3961.9385,9871
2021-01-19,4302,4302,4259,4259,3956.3649,13139
2021-01-20,4252,4283,4247.6,4266.5,3963.3319,45701
2021-01-21,4275,4298,4227,4227,3926.6387,18334
2021-01-22,4234,4240,4211,4236,3934.9992,14964
2021-01-25,4310,4310,4225,4236,3934.9992,8056
2021-01-26,4240,4261,4206,4211,3911.7756,12695
2021-01-27,4180,4198,4114,4128.5,3835.1379,12820
2021-01-28,4126,4186,4085,4164,3868.1153,15688
2021-01-29,4098,4129,4077,4080,3790.0842,18075
2021-02-01,4078,4133,4077,4132.5,3838.8537,17323
2021-02-02,4180,4200,4136,4193,3895.0547,9783
2021-02-03,4226,4226,4162,4174.5,3877.8692,18285
2021-02-04,4183,4200,4146,4193,3895.0547,15391
2021-02-05,4165,4211,4165,4197.5,3899.2349,12575
2021-02-08,4210,4228,4198,4228,3927.5676,15710
2021-02-09,4211,4228,4197,4207,3908.0599,6985
2021-02-10,4201,4248,4188,4200,3901.5573,19176
2021-02-11,4195,4241,4185,4216,3916.4203,12345
2021-02-12,4217,4239,4195,4203,3904.3441,11569
2021-02-15,4197,4226,4191,4214.5,3915.0269,24065
2021-02-16,4222,4222,4191,4192.5,3894.5902,24542
2021-02-17,4198,4212,4165,4173,3876.4758,12772
2021-02-18,4157,4175,4096,4105,3813.3078,15013
2021-02-19,4104,4158,4088,4145,3850.4654,12074
2021-02-22,4140,4140,4087,4094,3803.0894,11568
2021-02-23,4106,4106,4047,4064,3775.2211,13139
2021-02-24,4061,4099,4027,4098,3806.8052,11500
2021-02-25,4113,4113,4068,4081,3791.0131,27596
2021-02-26,4074,4095,4027,4035.5,3748.7463,8327
2021-03-01,4040,4099,4030,4092.5,3801.696,15860
2021-03-02,4090,4121,4067,4070.5,3781.2593,7071
2021-03-03,4089,4103,4026,4034.5,3747.8173,13513
2021-03-04,4013,4026,3997,4012.5,3727.3806,12217
2021-03-05,3993,4030,3945,3988.5,3705.086,27700
2021-03-08,4026,4095,4013,4091,3800.3026,15357
2021-03-09,4094,4113,4073,4099,3807.7341,7466
2021-03-10,4092,4117,4087.48,4117,3824.4551,10265
2021-03-11,4129,4150,4107,4133.5,3839.7826,5725
2021-03-12,4105,4162.219,4105,4159,3863.4706,20165
2021-03-15,4159,4190,4139,4169,3872.7601,25530
2021-03-16,4204,4228,4174.95,4185.5,3888.0876,18074
2021-03-17,4183,4195,4151,4175,3878.3337,7758
2021-03-18,4168,4191,4138.44,4180.5,3883.4429,9413
2021-03-19,4151,4171,4123,4168.5,3872.2956,7169
2021-03-22,4176,4176,4125,4139.5,3845.3563,14841
2021-03-23,4144,4172,4138,4162.5,3866.7219,9627
2021-03-24,4161,4204,4155,4198,3899.6994,15113
2021-03-25,4161,4190,4126,4164.5,3868.5798,4732
2021-03-26,4187,4200,4175.9,4200,3901.5573,28024
2021-03-29,4200,4225,4179,4213,3913.6335,6736
2021-03-30,4242,4243,4191,4219,3919.2072,8030
2021-03-31,4203,4234,4201,4216,3916.4203,17415
2021-04-01,4252,4265,4231.852,4249.5,3947.5399,13551
2021-04-06,4299,4333,4274.4,4323,4015.8172,25940
2021-04-07,4360,4360,4317.787,4321,4013.9593,22640
2021-04-08,4314,4357,4314,4334.5,4026.5,12913
2021-04-09,4365,4390,4353,4379,4067.8379,40249
2021-04-12,4384,4422.16,4371,4416.5,4102.6733,13274
2021-04-13,4427,4431,4395.95,4401,4088.2746,11028
2021-04-14,4398,4418,4390,4404,4091.0615,13044
2021-04-15,4423,4443,4412.84,4426,4111.4982,8532
2021-04-16,4466,4477,4435,4456.5,4139.8309,13691
2021-04-19,4454,4469,4397,4408,4094.7772,9823
2021-04-20,4409,4418,4390,4402,4089.2036,4485
2021-04-21,4414,4448,4392,4409,4095.7062,10064
2021-04-22,4449,4498,4434.85,4496.5,4176.9886,34283
2021-04-23,4476,4510.16,4472.16,4505,4184.8846,25577
2021-04-26,4450,4505,4450,4478.5,4160.2677,13438
2021-04-27,4487,4487,4452,4456,4139.3665,10606
2021-04-28,4474,4499,4449,4458.5,4141.6888,14844
2021-04-29,4478,4478,4448,4449,4132.8639,11540
2021-04-30,4463,4476,4439,4471,4153.3006,4944
2021-05-04,4471,4484,4449,4451,4134.7218,15892
2021-05-05,4485,4498,4446.95,4464,4146.798,13829
2021-05-06,4492,4500,4461,4492,4172.8084,24985
2021-05-07,4500,4519,4487.24,4509,4188.6004,28700
2021-05-10,4497,4527,4472,4497.5,4177.9176,4197
2021-05-11,4460,4474,4379,4396.5,4084.0944,11753
2021-05-12,4396,4405,4357,4359,4049.2591,16534
2021-05-13,4326,4365,4265,4358,4066.0532,19435
2021-05-14,4426,4426,4394.16,4419,4122.9668,16670
2021-05-17,4448,4448,4386,4389.5,4095.443,8299
2021-05-18,4417,4430,4353,4385,4091.2445,4739
2021-05-19,4361,4361,4312.05,4325.5,4035.7304,7110
2021-05-20,4346,4381,4337,4378.5,4085.1799,8026
2021-05-21,4382,4420,4375,4413,4117.3687,9242
2021-05-24,4439,4445,4411,4436,4138.8279,8683
2021-05-25,4438,4461,4415,4455.5,4157.0216,7533
2021-05-26,4460,4480,4439,4458.5,4159.8206,8271
2021-05-27,4472,4496,4440,4471,4171.4833,13686
2021-05-28,4488,4504,4458,4472,4172.4163,25724
2021-06-01,4468,4519,4446,4514,4211.6026,6358
2021-06-02,4514,4546,4496,4502.5,4200.873,8873
2021-06-03,4496,4524,4465,4507.5,4205.5381,7436
2021-06-04,4512,4529,4492.63,4506,4204.1386,6107
2021-06-07,4527,4534,4498,4523,4219.9997,11471
2021-06-08,4540,4540,4506,4522.5,4219.5332,21424
2021-06-09,4542,4554,4524,4550.5,4245.6575,10582
2021-06-10,4533,4585,4509,4513.5,4211.1361,11530
2021-06-11,4525,4556,4501,4547,4242.3919,9603
2021-06-14,4578,4591,4553,4554.5,4249.3895,12398
2021-06-15,4586,4601,4557,4576.5,4269.9157,12803
2021-06-16,4595,4618,4579,4589,4281.5783,6715
2021-06-17,4576,4576,4533,4539,4234.9279,8641
2021-06-18,4566,4574,4522,4524,4220.9327,53369
2021-06-21,4481,4532,4462,4526.5,4223.2653,8712
2021-06-22,4539,4566,4521,4545,4240.5259,4910
2021-06-23,4556,4560,4510,4510,4207.8706,13536
2021-06-24,4520,4546,4490,4523.5,4220.4662,14345
2021-06-25,4510,4559,4510,4553,4247.99,5497
2021-06-28,4551,4581,4540,4568,4261.9851,25257
2021-06-29,4565,4611,4562,4602.5,4294.1739,36992
2021-06-30,4572,4609,4561,4574,4267.5832,16469
2021-07-01,4604,4610.95,4560,4610,4301.1715,2824
2021-07-02,4615,4646,4601,4628,4317.9657,8699
2021-07-05,4676,4676,4580,4624,4314.2336,6178
2021-07-06,4630,4631,4583,4596,4288.1094,7345
2021-07-07,4620,4678,4618,4673.5,4360.4176,13607
2021-07-08,4667,4681,4616,4639,4328.2288,20394
2021-07-09,4677,4696,4596,4659.5,4347.3555,111510
2021-07-12,4668,4678,4631,4676.5,4363.2166,9860
2021-07-13,4691,4721,4667,4700.5,4385.6088,5769
2021-07-14,4687,4689,4662,4675.5,4362.2836,11119
2021-07-15,4673,4687,4629,4653,4341.2909,10186
2021-07-16,4695,4703,4667,4699.5,4384.6758,13953
2021-07-19,4700,4700,4637,4671,4358.0851,8554
2021-07-20,4698,4765,4677,4747,4428.9937,4342
2021-07-21,4779,4783.16,4740,4756,4437.3908,7910
2021-07-22,4752,4803,4729,4742,4424.3287,18100
2021-07-23,4765,4787,4757,4783,4462.5821,6940
2021-07-26,4780,4806,4763.2,4780,4459.783,18140
2021-07-27,4766,4786,4750,4772.5,4452.7855,7250
2021-07-28,4761,4801,4761,4784,4463.5151,24799
2021-07-29,4776,4832,4773,4826.5,4503.168,7697
2021-07-30,4838,4863,4807,4858.5,4533.0242,9280
2021-08-02,4884,4906,4871,4889,4561.481,15712
2021-08-03,4902,4909,4863,4906,4577.3422,13238
2021-08-04,4938,4938,4890,4903.5,4575.0097,10947
2021-08-05,4940,4949,4914,4925,4595.0693,23503
2021-08-06,4928,4955,4906,4932,4601.6004,9298
2021-08-09,4931,4950,4906,4917,4587.6053,8981
2021-08-10,4926,4956,4900,4954,4622.1266,20174
2021-08-11,4960,5006,4932,4968,4635.1887,13865
2021-08-12,4998,5006,4951,4991,4656.6479,18666
2021-08-13,5020,5036,5011,5027,4690.2363,20258
2021-08-16,5038,5038,4986,5031,4693.9683,13104
2021-08-17,5040,5064,5022.68,5039,4701.4324,14839
2021-08-18,5052,5067,5013,5016,4679.9732,23571
2021-08-19,5000,5020,4955,5007,4671.5761,10060
2021-08-20,5044,5063,4998,5057,4718.2265,16848
2021-08-23,5102,5121,5062,5068,4728.4896,17523
2021-08-24,5070,5083.12,5049,5063,4723.8246,12237
2021-08-25,5070,5076,5053,5076,4735.9537,17057
2021-08-26,5054,5075,5042,5054,4715.4275,12292
2021-08-27,5075,5086,5051,5085,4744.3508,10990
2021-08-31,5130,5142,5098,5119,4776.0731,201319
2021-09-01,5137,5155,5100,5126,4782.6042,21934
2021-09-02,5144,5172,5120,5166,4819.9245,16865
2021-09-03,5195,5195,5130,5145.5,4800.7978,12979
2021-09-06,5159,5168,5134.98,5168,4821.7905,15257
2021-09-07,5156,5177,5127,5139,4794.7333,19101
2021-09-08,5135,5150.8,5110,5142,4797.5323,20063
2021-09-09,5111,5147,5103,5117,4774.2071,9544
2021-09-10,5161,5161,5084,5093,4751.8149,14721
2021-09-13,5112,5127,5071,5077,4736.8867,15693
2021-09-14,5053,5120,5051,5083,4742.4848,14874
2021-09-15,5085,5092,5057,5065,4725.6906,18962
2021-09-16,5110,5110,5062,5074,4734.0877,45753
2021-09-17,5068,5143.22,5013,5013,4677.1741,14970
2021-09-20,4963,5004,4940.89,4992,4657.5809,77506
2021-09-21,4981,5042,4981,5007,4671.5761,11184
2021-09-22,5028,5056,5011,5056,4717.2935,6940
2021-09-23,5103,5103,5035,5065,4725.6906,6463
2021-09-24,5037,5073,5020,5046,4707.9634,15215
2021-09-27,5060,5081,4985,5001,4665.978,19707
2021-09-28,4961,4980,4918,4938,4607.1985,19076
2021-09-29,4961,4969,4931,4954.5,4622.5931,6778
2021-09-30,5009,5025.34,4933,4933,4602.5334,5984
2021-10-01,4866,4890,4826,4858,4532.5577,9989
2021-10-04,4861,4875,4809,4816,4493.3714,6975
2021-10-05,4847,4892,4817,4889,4561.481,10684
2021-10-06,4865,4900,4828.05,4838,4513.8976,14904
2021-10-07,4898,4935,4883,4918,4588.5383,5155
2021-10-08,4910,4940.02,4866,4878,4551.2179,15009
2021-10-11,4863,4882,4822,4869,4542.8208,14326
2021-10-12,4814,4874,4770,4863.5,4537.6893,16787
2021-10-13,4869,4885,4833,4876,4549.3519,13525
2021-10-14,4911,4932,4878,4926,4596.0024,7896
2021-10-15,4954,4971,4923.266,4925.5,4595.5358,4862
2021-10-18,4921,4945.16,4893,4941.5,4610.464,10994
2021-10-19,4929,4944.07,4919.26,4935,4604.3994,11336
2021-10-20,4961,4970,4901,4957,4624.9256,6416
2021-10-21,4947,4970,4919.74,4960,4627.7247,8950
2021-10-22,5015,5036,4975,5024,4687.4372,6672
2021-10-25,5026,5046,5005,5040,4702.3654,12434
2021-10-26,5007,5059,5005,5044,4706.0974,9172
2021-10-27,5043,5057.53,5013,5042,4704.2314,8776
2021-10-28,5014,5073,5008,5071,4731.2887,10196
2021-10-29,5106,5111,5036,5105,4763.011,8694
2021-11-01,5112,5154,5093.26,5106,4763.944,12548
2021-11-02,5151,5163,5128.79,5160.5,4814.793,19283
2021-11-03,5176,5191,5093,5103,4761.1449,17503
2021-11-04,5143,5263,5135.47,5251,4899.2303,13221
2021-11-05,5230,5289.32,5230,5267,4914.1584,7230
2021-11-08,5302,5302,5242,5269,4916.0244,15130
2021-11-09,5267,5291,5245,5263,4910.4264,21469
2021-11-10,5281,5304,5247.12,5304,4948.6798,14268
2021-11-11,5261,5277,5242,5248,4990.3484,9242
2021-11-12,5277,5278,5245,5268,5009.3665,7332
2021-11-15,5307,5307,5240,5259.5,5001.2838,11711
2021-11-16,5276,5276,5215.63,5250,4992.2502,10796
2021-11-17,5245,5253,5201,5214,4958.0176,10736
2021-11-18,5246,5255,5223.03,5251,4993.2011,20780
2021-11-19,5228,5304,5228,5261,5002.7102,10317
2021-11-22,5320,5320,5244,5287,5027.4337,10451
2021-11-23,5236,5259.93,5208,5219,4962.7722,9839
2021-11-24,5221,5232,5167.45,5218,4961.8213,17906
2021-11-25,5239,5266,5227.68,5240,4982.7412,17553
2021-11-26,5150,5189,5111,5125,4873.3871,18641
2021-11-29,5160,5191.74,5106,5170,4916.1778,20965
2021-11-30,5130,5192,5117.47,5178,4923.7851,16704
2021-12-01,5178,5194,5066,5183,4928.5396,5606
2021-12-02,5130,5136,5070,5111,4860.0744,19739
2021-12-03,5164,5188,5098,5129,4877.1907,13840
2021-12-06,5179,5208,5139.05,5198,4942.8032,18658
2021-12-07,5239,5318,5219,5318,5056.9117,40226
2021-12-08,5335,5360,5303,5322,5060.7154,34312
2021-12-09,5342,5374,5295.36,5328,5066.4208,33790
2021-12-10,5281,5319,5257,5294,5034.09,17311
2021-12-13,5340,5340,5267,5277,5017.9246,23303
2021-12-14,5305,5339,5230.05,5232,4975.1339,33271
2021-12-15,5179,5252,5179,5232,4975.1339,7944
2021-12-16,5294,5349,5248.36,5259,5000.8084,32989
2021-12-17,5200,5267,5187.47,5225,4968.4776,51073
2021-12-20,5133,5187,5128,5138,4885.7489,26556
2021-12-21,5172,5224,5160,5195,4939.9505,21662
2021-12-22,5217,5227,5175,5227,4970.3794,16059
2021-12-23,5230,5260,5222,5260,5001.7593,23018
2021-12-24,5251,5268,5195,5235,4977.9866,2042
2021-12-29,5349,5350,5268,5309,5048.3536,14391
2021-12-30,5308,5333,5302,5303,5042.6482,24181
2021-12-31,5290,5320,5245,5286.5,5026.9582,21094
2022-01-04,5297,5313,5230,5258,4999.8575,18230
2022-01-05,5248,5258,5226,5226,4969.4285,10147
2022-01-06,5163,5193,5123.13,5143,4890.5034,16275
2022-01-07,5102,5145,5066.84,5075,4825.8419,33926
2022-01-10,5102,5102,4943.63,4955,4711.7333,22685
2022-01-11,4963,5011,4942.84,4949,4706.0279,23077
2022-01-12,4982,5008.98,4960,4963,4719.3405,9211
2022-01-13,4960,4963,4933,4957,4713.6351,9584
2022-01-14,4913,4947,4833.16,4840,4602.3792,22147
2022-01-17,4862,4886,4830,4874,4634.71,13687
2022-01-18,4860,4884,4813,4828,4590.9684,11678
2022-01-19,4810,4836.95,4757,4804,4568.1467,11330
2022-01-20,4800,4850.98,4779,4834.5,4597.1493,43378
2022-01-21,4783,4818,4749,4792,4556.7358,515080
2022-01-24,4771,4778,4647,4670,4440.7254,29676
2022-01-25,4711,4720.16,4634,4634,4406.4929,22557
2022-01-26,4670,4746.95,4670,4712,4480.6634,16813
2022-01-27,4648,4706,4577,4671,4441.6763,8458
2022-01-28,4591,4633,4545.73,4601,4375.113,56955
2022-01-31,4707,4707,4639.74,4696.5,4465.9244,261537
2022-02-01,4762,4771,4711,4726,4493.9761,21077
2022-02-02,4764,4780,4726,4751.5,4518.2242,28383
2022-02-03,4739,4780,4640,4664.5,4435.4955,13281
2022-02-04,4681,4683,4575,4587,4361.8003,12230
2022-02-07,4611,4615,4584.9,4595,4369.4076,10584
2022-02-08,4586,4611,4549,4611,4384.622,51222
2022-02-09,4661,4698,4619,4674,4444.529,11299
2022-02-10,4686,4713,4636,4646,4417.9037,17021
2022-02-11,4624,4631,4565,4588,4362.7512,7423
2022-02-14,4544,4594,4490,4531,4308.5497,15039
2022-02-15,4535,4608,4497,4604,4377.9657,11959
2022-02-16,4610,4626,4563,4573,4348.4877,19511
2022-02-17,4572,4586,4528.9,4548,4324.715,7226
2022-02-18,4568,4584.08,4532,4535,4312.3533,5649
2022-02-21,4526,4594,4478,4478,4258.1517,9995
2022-02-22,4408,4512,4394,4490,4269.5626,34590
2022-02-23,4490,4514,4468,4474,4254.3481,22673
2022-02-24,4361,4453.46,4350,4427,4209.6556,33432
2022-02-25,4477,4567,4465.2,4567,4342.7822,20625
2022-02-28,4558,4597,4500,4594,4368.4567,13170
2022-03-01,4618,4619,4530,4540.5,4317.5833,10659
2022-03-02,4545,4578,4479.72,4563,4338.9786,8525
2022-03-03,4518,4587,4518,4534,4311.4024,7172
2022-03-04,4501,4568,4492,4501.5,4280.498,9654
2022-03-07,4438,4541,4406.98,4495,4274.3171,11403
2022-03-08,4496,4514,4403,4426,4208.7047,11193
2022-03-09,4502,4538,4454.34,4538,4315.206,14130
2022-03-10,4530,4537,4473.86,4476,4256.2499,9974
2022-03-11,4513,4573,4505,4519,4297.1388,5488
2022-03-14,4526,4574,4508,4543,4319.9605,12598
2022-03-15,4518,4576,4505,4576,4351.3404,8647
2022-03-16,4629,4670,4609.16,4640,4412.1983,8956
2022-03-17,4656,4689,4618,4689,4458.7926,28661
2022-03-18,4720,4720,4664.98,4701,4470.2035,20006
2022-03-21,4721,4746,4680,4702,4471.1544,6772
2022-03-22,4728,4748,4685,4685,4454.989,15578
2022-03-23,4698,4716,4652.1,4666,4436.9218,23943
2022-03-24,4693,4693,4634.54,4644,4416.0019,6065
2022-03-25,4662,4675,4625.32,4643,4415.051,15608
2022-03-28,4658,4696,4639.94,4673,4443.5781,9682
2022-03-29,4712,4788,4691.98,4788,4552.9322,10150
2022-03-30,4781,4826,4762.7,4784,4549.1286,7373
2022-03-31,4834,4835,4775,4775,4540.5704,9680
2022-04-01,4767,4788,4720,4773,4538.6686,4472
2022-04-04,4829,4832,4755.9,4777,4542.4722,12457
2022-04-05,4807,4807,4750.88,4771,4536.7668,10461
2022-04-06,4759,4797,4677.12,4702,4471.1544,12459
2022-04-07,4725,4733.54,4684,4705,4474.0071,7106
2022-04-08,4781,4781,4719,4761,4527.2578,16371
2022-04-11,4694,4744,4668,4668.5,4439.2991,10837
2022-04-12,4672,4695,4628.9,4693,4462.5962,8702
2022-04-13,4677,4691.24,4659,4676,4446.4309,5480
2022-04-14,4663,4702.74,4630,4682.5,4452.6117,18648
2022-04-19,4658,4658,4565.42,4630.5,4403.1647,34084
2022-04-20,4666,4695,4613,4693,4462.5962,8519
2022-04-21,4671,4742,4659,4688,4457.8417,3573
2022-04-22,4658,4692.68,4626,4662,4433.1182,6620
2022-04-25,4641,4651,4587,4587,4361.8003,17776
2022-04-26,4638,4675,4594.9,4600,4374.1621,65412
2022-04-27,4595,4621.16,4551.3,4591,4365.6039,8892
2022-04-28,4564,4644,4564,4622,4395.082,9965
2022-04-29,4658,4692,4615,4624.5,4397.4593,6636
2022-05-03,4590,4590,4507.48,4565,4340.8804,11181
2022-05-04,4525,4565,4522.1,4539,4316.1569,59823
2022-05-05,4635,4694,4588,4597.5,4371.7848,5039
2022-05-06,4574,4606,4463,4492,4271.4644,60994
2022-05-09,4453,4517,4393,4399.5,4183.5057,48203
2022-05-10,4433,4469.82,4381.5,4381.5,4166.3894,24958
2022-05-11,4435,4439,4364.54,4439,4221.0664,5064
2022-05-12,4378,4408.9,4348,4390,4190.4257,16127
2022-05-13,4420,4523.02,4420,4514,4308.7885,4848
2022-05-16,4507,4511,4451,4484,4280.1524,10760
2022-05-17,4472,4497.68,4441,4484,4280.1524,6229
2022-05-18,4523,4525.68,4461,4461,4258.198,8301
2022-05-19,4365,4453,4350.88,4393,4193.2893,9149
2022-05-20,4448,4478,4396,4396,4196.153,3065
2022-05-23,4428,4488,4421.54,4458.5,4255.8116,6301
2022-05-24,4444,4465.68,4397,4405,4204.7438,10393
2022-05-25,4455,4482,4428,4429,4227.6527,18687
2022-05-26,4395,4466,4395,4454.5,4251.9935,3117
2022-05-27,4445,4502,4436.24,4502,4297.3341,6883
2022-05-30,4567,4568,4511,4541,4334.5611,7773
2022-05-31,4509,4562,4474,4474,4270.607,12550
2022-06-01,4524,4560.1,4485,4498,4293.5159,7583
2022-06-06,4576,4628,4576,4592,4383.2426,8611
2022-06-07,4562,4593,4542.76,4559,4351.7428,15933
2022-06-08,4563,4608,4540,4554,4346.9701,20318
2022-06-09,4528,4565,4500,4512,4306.8795,22766
2022-06-10,4459,4520,4391,4411.5,4210.9483,12300
2022-06-13,4385,4396,4313.32,4323,4126.4716,6993
2022-06-14,4300,4355,4254,4254,4060.6084,2757
2022-06-15,4292,4292,4252,4252,4058.6994,14332
2022-06-16,4252,4252,4072,4079.5,3894.0414,7200
2022-06-17,4099,4129.12,4051,4109.97,3923.1262,2809
2022-06-20,4100,4137,4083,4104.5,3917.9049,2142
2022-06-21,4117,4144,4089.46,4110,3923.1548,21070
2022-06-22,4108,4124,4052,4109,3922.2003,6193
2022-06-23,4116,4132,4096.54,4108,3921.2458,10872
2022-06-24,4180,4263.36,4174.8,4258,4064.4266,11191
2022-06-27,4272,4323.68,4267,4319,4122.6535,4148
2022-06-28,4375,4375,4312.76,4321,4124.5625,10388
2022-06-29,4273,4300,4266.76,4285,4090.1991,1853
2022-06-30,4234,4272,4195.76,4255,4061.563,11204
2022-07-01,4268,4363,4233.2,4340.5,4143.176,5671
2022-07-04,4316,4361,4308,4333.5,4136.4943,1528
2022-07-05,4337,4380,4285.2,4289,4094.0173,6662
2022-07-06,4364,4388,4333.2,4365.5,4167.0395,8400
2022-07-07,4394,4432,4384,4426,4224.7891,5089
2022-07-08,4434,4456.9,4412,4419.5,4218.5846,4396
2022-07-11,4405,4422.9,4350,4414,4213.3347,10081
2022-07-12,4359,4427.88,4359,4411.5,4210.9483,3540
2022-07-13,4374,4391.16,4329,4352,4154.1532,11962
2022-07-14,4329,4372.746,4308.88,4334,4136.9715,4757
2022-07-15,4324,4402,4324,4397,4197.1075,5468
2022-07-18,4411,4422.8,4371.66,4383.5,4184.2212,5129
2022-07-19,4364,4437,4345,4437,4235.289,6930
2022-07-20,4486,4508,4462.98,4501,4296.3795,8513
2022-07-21,4496,4531,4496,4528.5,4322.6294,4363
2022-07-22,4564,4592,4524,4585,4376.5608,3497
2022-07-25,4569,4600,4532,4559.5,4352.2201,6346
2022-07-26,4559,4569,4537.26,4548,4341.2429,5964
2022-07-27,4578,4605,4544,4571,4363.1973,2565
2022-07-28,4564,4637,4551,4635,4424.2877,6439
2022-07-29,4685,4754,4635,4731,4515.9235,429317
2022-08-01,4734,4756,4657.38,4696,4482.5146,5904
2022-08-02,4686,4727.1,4679,4719,4504.469,6383
2022-08-03,4706,4749,4687.68,4726,4511.1508,2736
2022-08-04,4766,4808,4728,4798,4579.8776,8615
2022-08-05,4821,4830,4741,4741,4525.4689,3546
2022-08-08,4777,4829,4750,4805.5,4587.0366,10304
2022-08-09,4812,4833,4763,4779,4561.7413,6395
2022-08-10,4740,4816,4740,4816,4597.0593,2494
2022-08-11,4836,4875,4810,4862,4640.9681,5967
2022-08-12,4862,4897,4847,4893,4670.5588,3990
2022-08-15,4963,4963,4892,4923.5,4699.6722,8924
2022-08-16,5005,5005,4922.34,4945,4720.1948,15033
2022-08-17,4920,4960.56,4902.34,4912,4688.695,10970
2022-08-18,4912,4947,4902,4947,4722.1039,5694
2022-08-19,4957,4984.34,4947,4947,4722.1039,8430
2022-08-22,4918,4948,4866,4868.5,4647.1726,2891
2022-08-23,4825,4859,4781.66,4791.5,4573.6731,4370
2022-08-24,4768,4809,4763.15,4804,4585.6048,5877
2022-08-25,4820,4832,4798,4821,4601.832,9776
2022-08-26,4841,4882,4772,4772,4555.0596,14315
2022-08-30,4762,4762,4697,4699,4485.3782,30461
2022-08-31,4703,4734,4671,4687,4473.9238,86047
2022-09-01,4638,4652,4609.1,4630,4419.5151,2674
2022-09-02,4654,4710,4647.9,4709.5,4495.4009,1958
2022-09-05,4668,4682.14,4634.9,4659,4447.1967,7349
2022-09-06,4661,4673,4624,4648,4436.6968,13794
2022-09-07,4643,4707,4643,4696,4482.5146,7228
2022-09-08,4726,4764,4702.02,4752,4535.9688,4430
2022-09-09,4775,4798,4714,4789.5,4571.764,3563
2022-09-12,4819,4823,4769,4815,4596.1047,11586
2022-09-13,4844,4863,4755,4755,4538.8324,11543
2022-09-14,4750,4765,4659.15,4677,4464.3784,8359
2022-09-15,4698,4723,4640,4660,4448.1512,5328
2022-09-16,4615,4633,4597.15,4601,4391.8334,4120
2022-09-20,4668,4686,4573.69,4574,4366.0609,8072
2022-09-21,4575,4661.12,4568,4655,4443.3785,5409
2022-09-22,4585,4595,4520,4521.5,4315.9476,9101
2022-09-23,4500,4570,4498,4563,4355.5609,16581
2022-09-26,4631,4637,4533.12,4559,4351.7428,16740
2022-09-27,4587,4612,4497,4497,4292.5614,6838
2022-09-28,4460,4558.58,4441.69,4555.5,4348.4019,15313
2022-09-29,4523,4571,4381,4389,4189.4712,20511
2022-09-30,4380,4409.5,4348.8,4409.5,4209.0392,10463
2022-10-03,4362,4425,4297.38,4425,4223.8346,62733
2022-10-04,4475,4543.9,4471,4525,4319.2885,2795
2022-10-05,4481,4528,4481,4512,4306.8795,4880
2022-10-06,4519,4555,4499.92,4528,4322.1521,2869
2022-10-07,4502,4516,4435.15,4437,4235.289,1963
2022-10-10,4407,4461,4368,4449,4246.7435,3852
2022-10-11,4422,4424.96,4374,4398.5,4198.5393,3205
2022-10-12,4436,4441.68,4365.5,4365.5,4167.0395,31090
2022-10-13,4322,4366,4200,4276,4081.6083,21253
2022-10-14,4368,4433.23,4331,4337,4139.8352,21034
2022-10-17,4325,4408.56,4312,4388,4188.5166,22780
2022-10-18,4490,4545,4437,4491,4286.8341,14227
2022-10-19,4510,4531,4471,4473,4269.6524,7369
2022-10-20,4517,4517,4446.5,4446.5,4244.3572,7243
2022-10-21,4395,4447.12,4384,4433.5,4231.9482,11483
2022-10-24,4469,4537,4422,4529.5,4323.5839,4202
2022-10-25,4549,4586,4504,4578,4369.879,3116
2022-10-26,4556,4622,4556,4584.5,4376.0835,3484
2022-10-27,4562,4626,4533,4609.5,4399.947,10119
2022-10-28,4595,4631.15,4570,4619.5,4409.4924,7810
2022-10-31,4650,4699,4630,4690,4476.7874,26325
2022-11-01,4696,4745,4677.92,4698,4484.4237,37800
2022-11-02,4688,4695.68,4653,4683.5,4470.5829,2069
2022-11-03,4601,4662,4570,4615,4405.197,17175
2022-11-04,4627,4683,4627,4632.5,4421.9014,8206
2022-11-07,4643,4646.15,4601,4602.5,4393.2652,4131
2022-11-08,4584,4664.5,4584,4664.5,4452.4466,76121
2022-11-09,4663,4703.12,4647,4690.5,4477.2647,2794
2022-11-10,4622,4802.5,4622,4802.5,4584.173,4992
2022-11-11,4834,4863,4803.5,4803.5,4585.1276,10309
2022-11-14,4783,4843.12,4783,4838,4618.0591,2644
2022-11-15,4817,4818,4776,4809,4590.3775,23195
2022-11-16,4808,4848,4785,4798,4579.8776,5149
2022-11-17,4715,5300,4681,4696,4524.0876,9928
2022-11-18,4659,4752,4659,4737,4563.5866,7134
2022-11-21,4756,4808,4737,4801,4625.2437,4310
2022-11-22,4775,4799.69,4761,4788,4612.7196,1140
2022-11-23,4811,4813,4781.61,4786,4610.7928,2223
2022-11-24,4827,4827,4802.762,4812,4635.841,1789
2022-11-25,4819,4834,4802.56,4818.5,4642.1031,15775
2022-11-28,4800,4823,4767,4768.5,4593.9335,503
2022-11-29,4735,4744,4693.5,4693.5,4521.6791,2462
2022-11-30,4706,4713,4680.12,4707,4534.6849,9076
2022-12-01,4749,4784,4720,4735,4561.6598,3840
2022-12-02,4726,4749.69,4699.12,4736,4562.6232,38002
2022-12-05,4722,4742,4689.06,4709.5,4537.0934,3477
2022-12-06,4677,4727,4655,4657,4486.5153,5376
2022-12-07,4683,4696,4650,4677,4505.7831,18571
2022-12-08,4685,4686,4648,4657,4486.5153,1532
2022-12-09,4682,4685,4642.84,4669.5,4498.5577,3128
2022-12-12,4667,4684,4645.12,4651.5,4481.2166,3492
2022-12-13,4663,4760.12,4663,4718,4545.2822,39775
2022-12-14,4671,4720.58,4671,4713,4540.4652,18939
2022-12-15,4652,4686,4624,4624,4454.7234,2718
2022-12-16,4607,4616.05,4570,4577.5,4409.9257,22470
2022-12-19,4564,4602,4549,4571,4403.6636,6079
2022-12-20,4515,4566,4496,4546.5,4380.0605,7821
2022-12-21,4582,4624,4556,4624,4454.7234,16237
2022-12-22,4651,4655,4565,4565,4397.8833,17622
2022-12-23,4596,4619,4583.27,4596.5,4428.2301,1685
2022-12-28,4677,4678,4615,4617,4447.9796,4324
2022-12-29,4568,4665,4568,4652.5,4482.18,2627
2022-12-30,4655,4671,4616,4637,4467.2475,5027
2023-01-03,4664,4719,4625,4631.5,4461.9488,45200
2023-01-04,4651,4719,4631.41,4719,4546.2456,6250
2023-01-05,4716,4739,4687.41,4701,4528.9045,1919
2023-01-06,4700,4757,4686,4750,4576.1107,7583
2023-01-09,4725,4763,4712,4757,4582.8545,2912
2023-01-10,4740,4740,4701,4732,4558.7697,3460
2023-01-11,4779,4832,4756,4823,4646.4383,9545
2023-01-12,4843,4868,4800,4835.5,4658.4807,20812
2023-01-13,4834,4854,4807.38,4830.5,4653.6638,3314
2023-01-16,4854,4865.1,4823,4851.5,4673.895,5564
2023-01-17,4816,4871,4808.69,4835,4657.999,3055
2023-01-18,4800,4818.02,4760,4760,4585.7446,5203
2023-01-19,4749,4753,4684,4684,4512.5269,6487
2023-01-20,4656,4679.15,4656,4678.5,4507.2282,10863
2023-01-23,4699,4736,4686,4707,4534.6849,56812
2023-01-24,4742,4777,4724.9,4774.5,4599.7138,2023
2023-01-25,4794,4794,4740.84,4766.5,4592.0067,4492
2023-01-26,4751,4817,4751,4771,4596.342,12703
2023-01-27,4784,4821,4776,4805,4629.0973,19038
2023-01-30,4795,4822,4771.9,4800,4624.2803,3690
2023-01-31,4782,4816,4755,4816,4639.6946,21997
2023-02-01,4861,4864,4836,4864,4685.9374,5172
2023-02-02,4894,4990,4891,4981,4798.6542,34010
2023-02-03,4982,5015,4965,5015,4831.4095,3720
2023-02-06,4985,5006,4960.92,4989,4806.3613,9097
2023-02-07,5018,5023.68,4974.38,4978.5,4796.2457,3174
2023-02-08,4983,5017,4957.5,4957.5,4776.0145,15099
2023-02-09,4948,4974,4935,4935,4754.3382,9585
2023-02-10,4904,4907,4855.9,4895,4715.8025,9723
2023-02-13,4900,4930.69,4895,4929,4748.5578,7226
2023-02-14,4935,4951,4857,4897,4717.7293,21609
2023-02-15,4951,4982,4924.15,4981,4798.6542,9696
2023-02-16,4984,5004,4920.38,4946.5,4765.4172,4265
2023-02-17,4942,4961.9,4926,4948,4766.8623,5916
2023-02-20,4992,5004,4963.38,4968,4786.1301,3069
2023-02-21,4940,4975,4877,4880,4701.3517,5522
2023-02-22,4867,4878,4832,4876,4697.4981,7214
2023-02-23,4868,4901,4854.5,4854.5,4676.7852,12587
2023-02-24,4869,4874,4820,4835.5,4658.4807,24309
2023-02-27,4883,4894.12,4845.1,4867,4688.8276,7469
2023-02-28,4815,4837,4782.14,4811,4634.8776,12700
2023-03-01,4802,4832,4779,4779,4604.0491,3342
2023-03-02,4756,4800,4756,4794,4618.5,6010
2023-03-03,4824,4852,4810.91,4852,4674.3767,11794
2023-03-06,4883,4883,4858,4871,4692.6811,19322
2023-03-07,4855,4869.34,4828,4852,4674.3767,12165
2023-03-08,4849,4867,4827,4867,4688.8276,8595
2023-03-09,4840,4868,4835.92,4847,4669.5597,5981
2023-03-10,4760,4775,4696,4735,4561.6598,9387
2023-03-13,4711,4723,4618.37,4640,4470.1376,4289
2023-03-14,4659,4722,4639.68,4706,4533.7215,7266
2023-03-15,4667,4701.15,4633.75,4645,4474.9546,3272
2023-03-16,4665,4714,4640.61,4681,4509.6367,7391
2023-03-17,4707,4720,4592.69,4596,4427.7484,17513
2023-03-20,4555,4644.15,4555,4609,4440.2725,7428
2023-03-21,4661,4682,4649,4649,4478.8082,19761
2023-03-22,4612,4662,4611.92,4639,4469.1742,18081
2023-03-23,4591,4631,4582.69,4617,4447.9796,29817
2023-03-24,4580,4600,4537.92,4591.5,4423.4131,2097
2023-03-27,4629,4658,4623,4629,4459.5403,6890
2023-03-28,4625,4665,4612.881,4639,4469.1742,13014
2023-03-29,4671,4703,4664.38,4678,4506.7465,11614
2023-03-30,4732,4743,4691.18,4730.5,4557.3246,5592
2023-03-31,4734,4780,4733,4769,4594.4152,24808
2023-04-03,4795,4813,4739,4739,4565.5134,19137
2023-04-04,4742,4758,4697,4699,4526.9777,7489
2023-04-05,4686,4709,4662.69,4664,4493.259,9330
2023-04-06,4674,4697,4641,4670,4499.0394,14279
2023-04-11,4756,4756,4689,4753,4579.0009,14921
2023-04-12,4760,4792,4719,4754,4579.9643,2511
2023-04-13,4759,4771,4722.3,4734,4560.6965,7327
2023-04-14,4767,4787,4760.92,4762,4587.6714,53170
2023-04-17,4768,4795,4729.64,4775.5,4600.6772,11374
2023-04-18,4798,4799,4732,4736,4562.6232,4007
2023-04-19,4688,4741,4688,4719,4546.2456,5183
2023-04-20,4708,4732,4701,4729,4555.8795,6646
2023-04-21,4758,4788.9,4719,4771,4596.342,5447
2023-04-24,4769,4793,4760.92,4768,4593.4518,12355
2023-04-25,4734,4765.68,4733,4747,4573.2206,5356
2023-04-26,4731,4731,4675.15,4681,4509.6367,1875
2023-04-27,4672,4688.34,4650,4671,4500.0028,2646
2023-04-28,4707,4727,4692,4695,4523.1242,8802
2023-05-02,4709,4745,4667.5,4667.5,4496.6309,7499
2023-05-03,4690,4736.84,4690,4721,4548.1724,7832
2023-05-04,4726,4726,4678.38,4698,4526.0144,6159
2023-05-05,4699,4765,4699,4738,4564.55,5440
2023-05-09,4746,4758.26,4714,4736,4562.6232,5790
2023-05-10,4740,4771,4723,4747,4573.2206,2653
2023-05-11,4790,4790,4745.61,4759,4584.7813,4985
2023-05-12,4776,4791,4759.69,4767.5,4592.9701,33603
2023-05-15,4794,4805.96,4743.15,4752,4578.0375,12449
2023-05-16,4771,4775.38,4712,4715,4542.392,4176
2023-05-17,4732,4737.12,4706,4706,4533.7215,6405
2023-05-18,4747,4758.12,4725.92,4739,4565.5134,5233
2023-05-19,4747,4768.9,4728,4741.5,4592.9949,38412
2023-05-22,4714,4749,4714,4745,4596.3852,3348
2023-05-23,4722,4756.68,4721,4727,4578.949,23290
2023-05-24,4688,4688,4641.15,4642.5,4497.0956,3277
2023-05-25,4644,4655,4616,4616,4471.4256,6912
2023-05-26,4639,4653,4610,4635.5,4490.3148,4853
2023-05-30,4672,4687,4625,4634.5,4489.3461,16750
2023-05-31,4655,4655,4597,4597,4453.0206,3672
2023-06-01,4614,4627,4565.99,4602,4457.864,6118
2023-06-02,4634,4727.9,4625.59,4722,4574.1056,7234
2023-06-05,4776,4795.46,4744.24,4761.5,4612.3685,13453
2023-06-06,4776,4821.9,4757.98,4817,4666.1302,5174
2023-06-07,4803,4830,4797.61,4816,4665.1615,14740
2023-06-08,4848,4849,4795,4802,4651.6,12588
2023-06-09,4804,4843,4772,4772,4622.5396,11117
2023-06-12,4811,4824,4805,4821,4670.0049,9539
2023-06-13,4813,4834,4796,4810,4659.3494,6070
2023-06-14,4817,4828.68,4802,4811.5,4660.8024,3040
2023-06-15,4788,4826,4764,4786,4636.1011,4017
2023-06-16,4805,4805,4770.37,4782,4632.2264,5824
2023-06-19,4809,4809,4756,4756,4607.0407,3694
2023-06-20,4761,4776,4735.38,4750,4601.2286,6199
2023-06-21,4753,4771.46,4731,4754,4605.1034,6649
2023-06-22,4762,4771.26,4730.38,4738,4589.6045,6310
2023-06-23,4718,4738,4705,4713,4565.3875,4432
2023-06-26,4700,4701.68,4668,4688,4541.1705,9702
2023-06-27,4675,4713.68,4675,4703,4555.7007,4742
2023-06-28,4745,4773,4735.9,4746,4597.3539,1624
2023-06-29,4739,4766,4724,4756,4607.0407,2778
2023-06-30,4771,4775,4749,4765,4615.7588,7213
2023-07-03,4745,4799,4745,4784,4634.1637,3046
2023-07-04,4770,4794,4753,4755,4606.072,8008
2023-07-05,4752,4784,4711.92,4721,4573.1369,5889
2023-07-06,4688,4720,4642,4642,4496.6112,4007
2023-07-07,4639,4658,4624,4640,4494.6739,3173
2023-07-10,4618,4682.12,4614,4653,4507.2667,3471
2023-07-11,4646,4686,4646,4669,4522.7656,3601
2023-07-12,4697,4730,4660,4730,4581.855,3296
2023-07-13,4725,4745,4702.38,4706,4558.6067,4663
2023-07-14,4700,4711,4679,4689,4542.1392,5259
2023-07-17,4710,4718,4680,4710,4562.4814,7381
2023-07-18,4690,4736.9,4690,4732.5,4584.2767,1831
2023-07-19,4793,4831.68,4754,4802,4651.6,12325
2023-07-20,4825,4825,4787,4815,4664.1928,4243
2023-07-21,4829,4864,4815,4856,4703.9087,6338
2023-07-24,4837,4874,4827,4859.5,4707.2991,6385
2023-07-25,4854,4876,4842,4863,4710.6894,8184
2023-07-26,4855,4882.36,4833.364,4848.5,4696.6436,2859
2023-07-27,4845,4882,4839,4841,4689.3785,22646
2023-07-28,4863,4888,4838.4,4850,4698.0966,1636
2023-07-31,4826,4871,4826,4846,4694.2219,1696
2023-08-01,4848,4870,4844,4844,4692.2845,1465
2023-08-02,4807,4865,4784,4846,4694.2219,9574
2023-08-03,4843,4850,4755,4762,4612.8528,8131
2023-08-04,4777,4796,4741,4781,4631.2577,3862
2023-08-07,4784,4808,4755,4774,4624.477,3180
2023-08-08,4776,4788,4732,4732,4583.7924,2206
2023-08-09,4810,4810,4725,4730,4581.855,4719
2023-08-10,4748,4760,4731,4753,4604.1347,3763
2023-08-11,4737,4746,4714,4724.5,4576.5273,1910
2023-08-14,4726,4753,4714,4725,4577.0116,2776
2023-08-15,4731,4739,4676,4677,4530.515,2351
2023-08-16,4667,4679,4650,4665,4518.8909,14773
2023-08-17,4650,4658,4602,4605.5,4461.2544,4305
2023-08-18,4564,4604,4541,4575.5,4432.194,7305
2023-08-21,4579,4604,4529,4529,4387.1504,3903
2023-08-22,4561,4575.68,4532,4566,4422.9916,14603
2023-08-23,4588,4632,4588,4614,4469.4882,164556
2023-08-24,4643,4659.52,4624.5,4624.5,4479.6593,3838
2023-08-25,4627,4639,4606,4639,4493.7052,16937
2023-08-29,4712,4712,4662,4701,4553.7633,13912
2023-08-30,4706,4713,4689,4693.5,4546.4982,2438
2023-08-31,4702,4718,4679,4711,4563.4501,10886
2023-09-01,4697,4725,4680,4710,4562.4814,407585
2023-09-04,4714,4715,4681.68,4683,4536.3271,2307
2023-09-05,4683,4711.09,4626.545,4633,4487.8931,10502
2023-09-06,4615,4654.273,4615,4638.5,4493.2208,2430
2023-09-07,4626,4662,4619,4635.5,4490.3148,1075
2023-09-08,4645,4651,4609.32,4632,4486.9244,1752
2023-09-11,4624,4637,4620,4627.5,4482.5654,4792
2023-09-12,4635,4650,4626.605,4633,4487.8931,4087
2023-09-13,4641,4641,4596.968,4615,4470.4569,5245
2023-09-14,4639,4705,4605,4688,4541.1705,3171
2023-09-15,4708,4731,4679,4679,4532.4524,5707
2023-09-18,4672,4690,4661.32,4670.5,4524.2186,2708
2023-09-19,4663,4673,4640,4643.5,4498.0642,1569
2023-09-20,4661,4678,4643,4678,4531.4837,2637
2023-09-21,4637,4647,4600,4600.5,4456.411,29274
2023-09-22,4586,4602,4577,4584,4440.4278,2624
2023-09-25,4593,4595,4554,4578.5,4435.1001,7910
2023-09-26,4561,4584,4554,4559,4416.2108,3736
2023-09-27,4540,4551,4518.5,4518.5,4376.9793,27078
2023-09-28,4513,4529,4475,4482,4341.6225,2745
2023-09-29,4495,4541.52,4470.515,4513,4371.6515,9702
2023-10-02,4526,4542.192,4465,4473.5,4333.3887,8971
2023-10-03,4473,4474,4396,4410.5,4272.3619,3619
2023-10-04,4400,4407.6,4372.68,4386,4248.6292,10132
2023-10-05,4416,4448.394,4408.48,4414.5,4276.2366,5810
2023-10-06,4422,4429,4375,4408,4269.9402,7718
2023-10-09,4420,4437,4400,4429,4290.2824,9780
2023-10-10,4474,4519,4467,4519,4377.4636,5515
2023-10-11,4510,4520,4487,4511,4369.7142,4140
2023-10-12,4564,4566.869,4517,4517.5,4376.0106,5433
2023-10-13,4473,4524,4473,4490,4349.3719,6606
2023-10-16,4474,4521.6,4463,4510,4368.7455,4839
2023-10-17,4528,4559.68,4485,4551,4408.4614,9703
2023-10-18,4520,4538,4453.24,4458.5,4318.8585,3359
2023-10-19,4423,4456,4423,4455,4315.4681,15443
2023-10-20,4433,4440,4396.5,4396.5,4258.8004,80427
2023-10-23,4391,4405,4336,4356,4219.5688,12441
2023-10-24,4343,4381,4316.828,4369,4232.1617,3230
2023-10-25,4352,4356,4314,4339,4203.1013,5086
2023-10-26,4322,4365.52,4322,4363.5,4226.8339,3358
2023-10-27,4362,4369,4316,4338.5,4202.6169,2243
2023-10-30,4367,4376,4324,4328,4192.4458,16386
2023-10-31,4363,4394.28,4348.495,4393.5,4255.8943,1384
2023-11-01,4381,4418,4366.92,4414,4275.7523,9668
2023-11-02,4458,4510,4444,4484.5,4344.0442,27476
2023-11-03,4510,4575.495,4502.707,4553.5,4410.8831,3565
2023-11-06,4549,4563.889,4500,4502.5,4361.4804,8278
2023-11-07,4509,4531,4508,4521,4379.401,4855
2023-11-08,4515,4527,4486,4491,4350.3406,7139
2023-11-09,4508,4545,4502,4529.5,4387.6348,5311
2023-11-10,4497,4549.5,4497,4549.5,4407.0084,3043
2023-11-13,4532,4558,4529,4553.5,4410.8831,12723
2023-11-14,4547,4641,4536,4641,4495.6425,4007
2023-11-15,4664,4707.394,4653,4678,4531.4837,2313
2023-11-16,4599,4635,4599,4614,4516.0777,6205
2023-11-17,4634,4656,4629.5,4629.5,4531.2488,2088
2023-11-20,4624,4635,4593.808,4608,4510.2051,5821
2023-11-21,4591,4607,4564.64,4594,4496.5022,6142
2023-11-22,4592,4634.56,4580,4629.5,4531.2488,2898
2023-11-23,4625,4628,4600,4621,4522.9292,2789
2023-11-24,4615,4627,4608,4621,4522.9292,5374
2023-11-27,4624,4630,4607,4622,4523.908,2654
2023-11-28,4621,4628,4598,4612,4514.1202,2962
2023-11-29,4595,4614.44,4595,4609.5,4511.6732,3814
2023-11-30,4605,4627,4495,4619,4520.9716,22099
2023-12-01,4634,4652,4621,4652,4553.2713,3163
2023-12-04,4653,4684,4653,4673,4573.8256,4905
2023-12-05,4666,4696,4664,4688,4588.5073,3958
2023-12-06,4698,4745.16,4692,4733,4632.5522,7301
2023-12-07,4732,4744.293,4712,4726,4625.7008,2606
2023-12-08,4747,4781,4735.56,4757,4656.0429,9878
2023-12-11,4754,4775,4741,4773,4671.7033,4661
2023-12-12,4777,4791,4773,4773,4671.7033,6684
2023-12-13,4796,4809,4788,4795,4693.2364,6678
2023-12-14,4856,4898.36,4856,4865,4761.7508,6675
2023-12-15,4880,4898.758,4864.36,4866,4762.7296,3389
2023-12-18,4837,4873,4818,4818,4715.7483,9211
2023-12-19,4853,4867,4825,4852,4749.0267,4079
2023-12-20,4886,4908,4873,4903.5,4799.4337,7328
2023-12-21,4851,4885,4851,4875.5,4772.028,5025
2023-12-22,4867,4878,4861.64,4872,4768.6022,2450
2023-12-27,4910,4948,4890,4890,4786.2202,7258
2023-12-28,4900,4916,4890,4907,4802.8594,3943
2023-12-29,4951,4951,4912,4914,4809.7109,1219
2024-01-02,4896,4918.495,4875,4896.5,4792.5823,5043
2024-01-03,4875,4900,4807.36,4821,4718.6846,3349
2024-01-04,4794,4819,4788,4798,4696.1727,7151
2024-01-05,4780,4782,4749,4767,4665.8306,4689
2024-01-08,4757,4768.52,4744,4754,4653.1065,3074
2024-01-09,4766,4796,4756,4796,4694.2152,6199
2024-01-10,4791,4802,4777,4792.5,4690.7895,5800
2024-01-11,4816,4816.394,4756.5,4756.5,4655.5535,5623
2024-01-12,4769,4819,4769,4802,4700.0878,6922
2024-01-15,4800,4809,4776,4776,4674.6396,2146
2024-01-16,4785,4792,4771,4777,4675.6184,3838
2024-01-17,4737,4761,4702,4719,4618.8493,7103
2024-01-18,4703,4720.96,4681,4696,4596.3375,6453
2024-01-19,4724,4732,4689.4,4704,4604.1677,1352
2024-01-22,4723,4765,4706,4760,4658.9792,3176
2024-01-23,4763,4777,4746,4746,4645.2763,2646
2024-01-24,4755,4770,4699,4709,4609.0616,3508
2024-01-25,4669,4717,4665,4698,4598.295,16233
2024-01-26,4715,4747,4715,4741,4640.3824,3671
2024-01-29,4724,4747,4717,4736.5,4635.9779,3961
2024-01-30,4731,4781,4731,4758.5,4657.511,6919
2024-01-31,4789,4789,4754,4757,4656.0429,10795
2024-02-01,4719,4761,4719,4735.5,4634.9992,13964
2024-02-02,4777,4780,4747,4765,4663.8731,8978
2024-02-05,4736,4781,4726,4736,4635.4886,4200
2024-02-06,4756,4780,4719,4780,4678.5548,9617
2024-02-07,4780,4822.68,4767.84,4811.5,4709.3862,5828
2024-02-08,4822,4849,4809,4829.5,4727.0042,8322
2024-02-09,4836,4852,4827,4838,4735.3238,4059
2024-02-12,4857,4913,4852,4913,4808.7321,5037
2024-02-13,4912,4919,4845,4865,4761.7508,6694
2024-02-14,4875,4887,4856.541,4879,4775.4537,3241
2024-02-15,4919,4949.2,4919,4936.5,4831.7334,10482
2024-02-16,4951,4971,4938,4950,4844.9469,10922
2024-02-19,4950,4958,4925,4940,4835.1591,4017
2024-02-20,4966,4966,4913,4930,4825.3713,4713
2024-02-21,4892,4933,4892,4920,4815.5836,7052
2024-02-22,4925,4947,4909,4912,4807.7533,2837
2024-02-23,4937,4943,4916.84,4933.5,4828.797,8710
2024-02-26,4905,4929,4892,4893.5,4789.646,8415
2024-02-27,4901,4931.16,4899,4906.5,4802.3701,6179
2024-02-28,4942,4942,4905,4929,4824.3925,6410
2024-02-29,4933,4956.389,4920,4939.5,4834.6697,6461
2024-03-01,4957,4969,4936,4963,4857.671,91907
2024-03-04,4960,4973,4943,4963,4857.671,11667
2024-03-05,4977,4992,4958,4958,4852.7771,7842
2024-03-06,4958,4983,4929.16,4974.5,4868.9269,7967
2024-03-07,4977,5013.781,4949,4991.5,4885.5661,3500
2024-03-08,4987,5001,4970,4989,4883.1192,3949
2024-03-11,4979,4979,4947,4971,4865.5012,4684
2024-03-12,4988,5005,4976,4976,4870.3951,7590
2024-03-13,4980,5006,4975.84,4999,4892.9069,4350
2024-03-14,5006,5021,4983.48,4986,4880.1828,9924
2024-03-15,4988,5012,4988,5001,4894.8645,5453
2024-03-18,5001,5027,4994,5012.5,4906.1204,3150
2024-03-19,4988,5041,4985,5030.5,4923.7384,8610
2024-03-20,5039,5065,5039,5059.5,4952.123,5166
2024-03-21,5113,5165,5039,5145,5035.8084,24078
2024-03-22,5164,5182,5152,5153,5043.6386,10649
2024-03-25,5145,5145,5106.32,5110,5001.5512,11041
2024-03-26,5106,5113.76,5098,5101.5,4993.2316,4795
2024-03-27,5104,5139.6,5100,5136,5026.9994,2889
2024-03-28,5170,5177,5136,5156.5,5047.0643,9130
2024-04-02,5170,5171,5112.5,5112.5,5003.9982,20325
2024-04-03,5104,5120,5098,5118,5009.3814,4537
2024-04-04,5101,5147.88,5101,5141.5,5032.3827,4868
2024-04-05,5120,5122.72,5094.871,5111,5002.53,4321
2024-04-08,5112,5125,5095.64,5107,4998.6149,2477
2024-04-09,5102,5117,5075,5089,4980.9969,4506
2024-04-10,5120,5144,4680,5060.5,4953.1017,6504
2024-04-11,5083,5083,5041,5054.5,4947.2291,7083
2024-04-12,5070,5092,5070,5072,4964.3577,3893
2024-04-15,5099,5106,5061.944,5079,4971.2091,6816
2024-04-16,5046,5064,5004,5027.5,4920.8021,3107
2024-04-17,5027,5050,5004.5,5004.5,4898.2902,39394
2024-04-18,5030,5097,5012.32,5097,4988.8271,11423
2024-04-19,5070,5114.5,5056.4,5114.5,5005.9557,5491
2024-04-22,5155,5195.514,5150.486,5168,5058.3203,3165
2024-04-23,5197,5211,5167,5209.5,5098.9395,6644
2024-04-24,5220,5222,5184.4,5189,5078.8746,5801
2024-04-25,5181,5194,5106,5145.5,5036.2978,4727
2024-04-26,5169,5212,5162,5203,5092.5775,8397
2024-04-29,5206,5207,5171,5195,5084.7473,4389
2024-04-30,5196,5210.077,5173,5191.5,5081.3215,5619
2024-05-01,5163,5192,5161,5188.5,5078.3852,3838
2024-05-02,5217,5240,5198,5222,5111.1743,4639
2024-05-03,5263,5341,5248,5305,5192.4128,14261
2024-05-07,5413,5428,5395,5425,5309.866,17978
2024-05-08,5461,5486,5434,5478,5361.7412,6692
2024-05-09,5472,5494,5456.648,5469,5352.9322,7298
2024-05-10,5510,5514,5483,5493.5,5376.9122,7170
2024-05-13,5510,5518,5481,5481,5364.6775,16405
2024-05-14,5462,5503,5459,5482,5365.6563,11363
2024-05-15,5517,5548,5498,5529,5411.6588,4913
2024-05-16,5485,5535,5485,5489,5405.258,3816
2024-05-17,5514,5518,5482,5482,5398.3648,23789
2024-05-20,5496,5552,5487,5516,5431.8461,5349
2024-05-21,5504,5506,5467.455,5484,5400.3343,6906
2024-05-22,5477,5495,5446,5474,5390.4868,10131
2024-05-23,5474,5475,5393,5402,5319.5853,2259
2024-05-24,5366,5398,5364.8,5374.5,5292.5048,7148
2024-05-28,5313,5410,5283,5283,5202.4008,12919
2024-05-29,5248,5261.137,5211,5211,5131.4993,6732
2024-05-30,5210,5221.76,5179,5212.5,5132.9764,4396
2024-05-31,5243,5244.712,5210.4,5236,5156.1179,11948
2024-06-03,5314,5314,5211,5211,5131.4993,7818
2024-06-04,5190,5206,5170,5170,5091.1248,3684
2024-06-05,5206,5217,5174.85,5213,5133.4687,4701
2024-06-06,5231,5240,5201,5205,5125.5908,5379
2024-06-07,5170,5195,5156,5167,5088.1705,3486
2024-06-10,5167,5173,5120,5158,5079.3078,3803
2024-06-11,5153,5177,5115,5139,5060.5977,7140
2024-06-12,5141,5206,5135.48,5204,5124.6061,8357
2024-06-13,5189,5200,5159,5183,5103.9264,3081
2024-06-14,5220,5231,5169,5185.5,5106.3883,7247
2024-06-17,5211,5220,5158,5172,5093.0943,5416
2024-06-18,5211,5214,5183.752,5210,5130.5145,5620
2024-06-19,5200,5240,5181,5186,5106.8807,4684
2024-06-20,5214,5232,5198.708,5202,5122.6366,13232
2024-06-21,5221,5240,5200,5202,5122.6366,4077
2024-06-24,5213,5272,5213,5263.5,5183.1983,10473
2024-06-25,5246,5269,5187,5187,5107.8654,8483
2024-06-26,5199,5199,5147.488,5161,5082.2621,2964
2024-06-27,5175,5180,5147.088,5168,5089.1553,4938
2024-06-28,5177,5196,5156,5156,5077.3384,19566
2024-07-01,5146,5160,5092.5,5092.5,5014.8071,88772
2024-07-02,5086,5123.1,5060.488,5064,4986.7419,5731
2024-07-03,5071,5097.366,5060,5076,4998.5589,3902
2024-07-04,5081,5104,5081,5097.5,5019.7309,7818
2024-07-05,5103,5112,5070.622,5084,5006.4368,6835
2024-07-08,5094,5129.52,5094,5118,5039.9181,11709
2024-07-09,5119,5145,5117,5127,5048.7808,2707
2024-07-10,5115,5156,5115,5152,5073.3994,6920
2024-07-11,5188,5273,5170.416,5264,5183.6907,1972
2024-07-12,5285,5291,5230,5277.5,5196.9847,8067
2024-07-15,5276,5285,5242.48,5254,5173.8432,10814
2024-07-16,5229,5300,5214,5288,5207.3245,6284
2024-07-17,5310,5331,5273.725,5314.5,5233.4202,5093
2024-07-18,5314,5355.2,5290,5311,5229.9736,6046
2024-07-19,5287,5307,5263,5263,5182.7059,1921
2024-07-22,5280,5322,5267,5311,5229.9736,22239
2024-07-23,5326,5350,5309.782,5347.5,5265.9168,10616
2024-07-24,5352,5353,5309.797,5338,5256.5617,16603
2024-07-25,5313,5341,5264,5338,5256.5617,2330
2024-07-26,5340,5402.024,5319,5390.5,5308.2607,2784
2024-07-29,5440,5445,5388,5388,5305.7989,17415
2024-07-30,5404,5419,5384,5384,5301.8599,16944
2024-07-31,5439,5443,5398,5423,5340.2649,1279
2024-08-01,5448,5478,5406,5421.5,5338.7878,16720
2024-08-02,5405,5432,5320,5320,5238.8363,6593
2024-08-05,5306,5336,5139,5237.5,5157.595,32183
2024-08-06,5231,5299.22,5227,5266.5,5186.1525,7266
2024-08-07,5314,5353,5292.76,5341,5259.5159,10456
2024-08-08,5276,5302,5253,5287,5206.3398,6328
2024-08-09,5276,5296,5234,5239.5,5159.5645,27723
2024-08-12,5242,5260,5209,5209,5129.5298,5824
2024-08-13,5229,5266,5224,5262,5181.7212,5928
2024-08-14,5285,5305,5273.057,5293,5212.2482,1716
2024-08-15,5285,5345,5272,5328,5246.7143,4573
2024-08-16,5337,5337,5295,5301,5220.1262,11695
2024-08-19,5271,5315,5271,5313.5,5232.4355,9328
2024-08-20,5322,5334,5283.5,5283.5,5202.8932,8227
2024-08-21,5303,5308,5277,5284,5203.3855,6028
2024-08-22,5302,5320,5285,5291,5210.2788,8479
2024-08-23,5294,5319,5287,5316.5,5235.3897,47017
2024-08-27,5316,5324,5260,5260,5179.7517,2785
2024-08-28,5277,5295,5261,5292,5211.2635,8051
2024-08-29,5287,5314,5274,5304,5223.0804,6047
2024-08-30,5305,5334,5289,5308,5227.0194,3007
2024-09-02,5338,5340,5314,5327.5,5246.2219,4761
2024-09-03,5353,5353,5273,5292,5211.2635,10148
2024-09-04,5238,5260,5210,5210,5130.5145,9932
2024-09-05,5210,5236,5188,5188,5108.8502,3726
2024-09-06,5179,5216,5153,5164,5085.2163,999
2024-09-09,5169,5236,5168,5228,5148.2399,19148
2024-09-10,5230,5262,5182,5256,5175.8127,3944
2024-09-11,5243,5256,5190,5204,5124.6061,21149
2024-09-12,5255,5262,5224,5224,5144.3009,2673
2024-09-13,5240,5277.024,5233,5273.5,5193.0457,2986
2024-09-16,5276,5307,5271,5280,5199.4466,8554
2024-09-17,5318,5363,5287,5360.5,5278.7184,676
2024-09-18,5347,5347,5295,5305.5,5224.5575,6488
2024-09-19,5343,5373,5327,5333,5251.638,21569
2024-09-20,5331,5348,5281,5281,5200.4313,6496
2024-09-23,5304,5329,5290,5294.5,5213.7254,3830
2024-09-24,5335,5335,5295,5313,5231.9431,5891
2024-09-25,5290,5322,5290,5310,5228.9889,2964
2024-09-26,5346,5357.732,5331,5331,5249.6685,9489
2024-09-27,5352,5370,5339,5369,5287.0888,2023
2024-09-30,5358,5367,5321.56,5333,5251.638,9431
2024-10-01,5372,5395.068,5359,5384,5301.8599,3622
2024-10-02,5378,5378,5333,5370,5288.0735,3531
2024-10-03,5388,5405,5379,5395,5312.6921,19171
2024-10-04,5387,5416.28,5360,5372,5290.043,6648
2024-10-07,5372,5400,5361,5373.5,5291.5201,19335
2024-10-08,5352,5376,5344,5367.5,5285.6116,6824
2024-10-09,5341,5395,5341,5395,5312.6921,1941
2024-10-10,5384,5390,5349,5365,5283.1498,7279
2024-10-11,5363,5400,5338.435,5399,5316.6311,12922
2024-10-14,5419,5425,5392.342,5425,5342.2344,21770
2024-10-15,5467,5467,5414,5434.5,5351.5895,2786
2024-10-16,5417,5491,5417,5491,5407.2275,5049
2024-10-17,5515,5515,5434.674,5439,5356.0208,3522
2024-10-18,5411,5444,5406,5436.5,5353.559,6814
2024-10-21,5439,5447,5394.5,5394.5,5312.1997,7492
2024-10-22,5368,5386,5349,5360,5278.2261,12496
2024-10-23,5362,5381,5342,5362,5280.1956,6152
2024-10-24,5379,5382,5312,5312,5230.9584,4770
2024-10-25,5306,5314,5280,5283,5202.4008,6119
2024-10-28,5321,5332,5266,5313,5231.9431,23091
2024-10-29,5310,5317,5241.48,5252,5171.8738,11766
2024-10-30,5226,5276,5226,5258,5177.7822,9113
2024-10-31,5269,5283.192,5235,5280,5199.4466,2514
2024-11-01,5250,5258,5215,5235,5155.1331,6562
2024-11-04,5200,5239,5179,5228,5148.2399,704
2024-11-05,5216,5275,5216,5275,5194.5229,4304
2024-11-06,5425,5457,5344.2,5359.5,5277.7337,7995
2024-11-07,5378,5417.88,5342,5344,5262.4702,4715
2024-11-08,5355,5359,5317,5334.5,5253.1151,3667
2024-11-11,5391,5406,5365,5379.5,5297.4286,5485
2024-11-12,5405,5416,5371,5394,5311.7074,13563
2024-11-13,5366,5384,5346,5381,5298.9057,2484
2024-11-14,5355,5396,5338,5361.5,5314.637,2104
2024-11-15,5324,5374,5318,5370,5323.0627,2594
2024-11-18,5378,5399,5361.12,5397,5349.8267,1719
2024-11-19,5398,5412,5355,5369.5,5322.567,11314
2024-11-20,5380,5409.44,5376.5,5376.5,5329.5059,4933
2024-11-21,5391,5448,5371,5448,5400.3809,1749
2024-11-22,5441,5508,5439,5503.5,5455.3958,6057
2024-11-25,5512,5549.57,5499.444,5529,5480.6729,10257
2024-11-26,5538,5538,5482,5486,5438.0488,39414
2024-11-27,5504,5505,5460.08,5482,5434.0837,14439
2024-11-28,5469,5491.44,5462,5474,5426.1536,3204
2024-11-29,5481,5485,5455.8,5472,5424.1711,9283
2024-12-02,5450,5492,5449.72,5469.5,5421.693,7527
2024-12-03,5488,5516,5462,5516,5467.7865,8650
2024-12-04,5504,5557.88,5430,5472.5,5424.6668,11751
2024-12-05,5470,5472.204,5445,5467,5419.2148,1256
2024-12-06,5447,5461,5427,5427,5379.5645,3633
2024-12-09,5440,5444,5420,5428,5380.5557,4035
2024-12-10,5432,5439,5363,5408,5360.7305,43798
2024-12-11,5410,5428,5375,5393,5345.8616,39992
2024-12-12,5366,5408,5366,5401,5353.7917,4310
2024-12-13,5400,5421,5363,5377.5,5330.4971,1571
2024-12-16,5392,5392,5339,5339,5292.3336,2771
2024-12-17,5288,5318,5287,5299.5,5253.1789,11151
2024-12-18,5328,5328,5244,5250,5204.1116,97596
2024-12-19,5186,5188,5137,5182.5,5137.2015,3102
2024-12-20,5185,5185,5100,5162,5116.8807,1590
2024-12-23,5162,5175,5131,5148,5103.0031,5332
2024-12-24,5195,5195,5141,5167.5,5122.3327,1504
2024-12-27,5173,5204,5152,5157,5111.9244,4985
2024-12-30,5096,5168,5096,5134,5089.1255,3746
2024-12-31,5156,5164,5107,5158.5,5113.4113,1705
2025-01-02,5136,5231,5136,5209,5163.4699,17259
2025-01-03,5151,5188,5151,5156,5110.9332,4586
2025-01-06,5152,5157,5122,5128.5,5083.6735,7698
2025-01-07,5115,5124,5093.107,5118,5073.2653,2389
2025-01-08,5118,5118,5082.4,5103,5058.3964,7195
2025-01-09,5132,5166,5129,5131,5086.1517,8717
2025-01-10,5153,5153,5035.68,5098,5053.4401,5910
2025-01-13,5058,5100,5058,5088,5043.5275,8523
2025-01-14,5103,5147,5103,5130,5085.1604,4825
2025-01-15,5179,5235.274,5149,5218,5172.3913,7657
2025-01-16,5238,5271.5,5225.726,5271.5,5225.4236,5475
2025-01-17,5275,5349,5275,5344.5,5297.7856,3449
2025-01-20,5350,5350,5298.56,5305,5258.6308,5060
2025-01-21,5315,5347.5,5296,5347.5,5300.7593,10390
2025-01-22,5320,5341,5286,5299.5,5253.1789,7346
2025-01-23,5309,5309,5256,5274,5227.9018,4861
2025-01-24,5284,5284,5192,5192,5146.6185,3205
2025-01-27,5167,5217.36,5146.56,5204,5158.5136,7237
2025-01-28,5214,5267,5214,5232,5186.2689,2498
2025-01-29,5226,5282,5226,5249,5203.1203,4512
2025-01-30,5230,5296,5230,5292,5245.7444,11362
2025-01-31,5300,5313,5275.74,5297,5250.7007,2178
2025-02-03,5251,5278,5211.4,5278,5231.8668,5615
2025-02-04,5243,5282,5243,5259,5213.0329,10459
2025-02-05,5255,5257,5222,5239,5193.2077,4916
2025-02-06,5271,5349,5264.547,5303.5,5257.1439,1568
2025-02-07,5271,5308,5271,5271,5224.928,16511
2025-02-10,5296,5309.38,5261,5301,5254.6658,5751
2025-02-11,5321,5355,5305.64,5336,5289.3599,38594
2025-02-12,5338,5349,5222,5288,5241.7794,1527
2025-02-13,5289,5326,5281,5292,5245.7444,2740
2025-02-14,5279,5318,5271,5271,5224.928,4359
2025-02-17,5286,5291,5259.2,5271.5,5225.4236,3562
2025-02-18,5261,5304.68,5252,5299.5,5253.1789,8427
2025-02-19,5327,5327,5267.4,5269,5222.9455,9868
2025-02-20,5278,5278,5228.32,5229.5,5183.7907,1084
2025-02-21,5237,5259,5212,5221,5175.365,11910
2025-02-24,5261,5261,5204.842,5237.5,5191.7208,2184
2025-02-25,5228,5256,5204,5251.5,5205.5984,10419
2025-02-26,5290,5290,5245,5250.5,5204.6072,1727
2025-02-27,5212,5255,5206,5218,5172.3913,1700
2025-02-28,5205,5247.24,5201,5226,5180.3213,3934
2025-03-03,5250,5252,5089.04,5220.5,5174.8694,5173
2025-03-04,5194,5212,5147,5155,5109.9419,8995
2025-03-05,5139,5175,5119,5123,5078.2216,2597
2025-03-06,5119,5155,5114.533,5152,5106.9681,2711
2025-03-07,5140,5177.52,5140,5167,5121.837,10589
2025-03-10,5201,5273.52,5190.56,5260,5214.0241,4442
2025-03-11,5246,5260,5136,5138,5093.0905,4013
2025-03-12,5125,5188,5087,5092,5047.4926,4487
2025-03-13,5077,5101,5062,5080,5035.5975,3338
2025-03-14,5128,5164,5085,5149.5,5104.49,1822
2025-03-17,5152,5195,5139,5184.5,5139.1841,4275
2025-03-18,5179,5181,5145,5145,5100.0293,10195
2025-03-19,5152,5178.52,5152,5178,5132.7409,2415
2025-03-20,5175,5208,5151,5161,5115.8895,2008
2025-03-21,5141,5161,5096.64,5118,5073.2653,1220
2025-03-24,5135,5144,5110,5135,5090.1167,3163
2025-03-25,5107,5139,5107,5130.5,5085.6561,12210
2025-03-26,5153,5180,5133,5159,5113.907,2105
2025-03-27,5132,5171,5132,5150,5104.9856,3639
2025-03-28,5146,5161,5119,5127.5,5082.6823,21420
2025-03-31,5066,5117,5066,5103.5,5058.8921,40728
2025-04-01,5087,5150,5087,5140,5095.073,2579
2025-04-02,5160,5160,5116,5138,5093.0905,4688
2025-04-03,5040,5111,4984.675,5082.5,5038.0756,2729
2025-04-04,5066,5077,4927.83,4972.5,4929.0371,10573
2025-04-07,4750,4972,4671,4782,4740.2022,25266
2025-04-08,4858,4972,4837,4886,4843.2932,5836
2025-04-09,4785,4811,4680.222,4757,4715.4207,2468
2025-04-10,4978,5040,4886.5,4886.5,4843.7888,2445
2025-04-11,4915,4947,4842,4899.5,4856.6752,3791
2025-04-14,4997,4998,4951,4979,4935.4803,3880
2025-04-15,4978,5030,4978,5017,4973.1481,5478
2025-04-16,4990,5027,4942.44,5025,4981.0782,3135
2025-04-17,5025,5025,4982,5013.5,4969.6787,1430
2025-04-22,4984,4998.6,4958.24,4986,4942.4191,2345
2025-04-23,5082,5141,5076,5076,5031.6324,39256
2025-04-24,5049,5122,5049,5117,5072.2741,2469
2025-04-25,5154,5163,5106.077,5112,5067.3178,1167
2025-04-28,5143,5149,5115,5115,5070.2915,1344
2025-04-29,5132,5150,5116,5116,5071.2828,1437
2025-04-30,5180,5197.5,5149,5197.5,5152.0704,4452
2025-05-01,5250,5260,5213,5260,5214.0241,1684
2025-05-02,5279,5289,5238,5279.5,5233.3537,1394
2025-05-06,5299,5308,5223,5261.5,5215.511,4125
2025-05-07,5244,5257,5208.4,5227.5,5181.8082,15972
2025-05-08,5268,5279,5222,5274,5227.9018,2209
2025-05-09,5296,5307,5277,5291,5244.7532,2079
2025-05-12,5363,5424,5330,5347,5300.2637,5235
2025-05-13,5326,5358,5315,5317.5,5271.0216,2889
2025-05-14,5326,5326,5265.56,5284.5,5238.31,1712
2025-05-15,5251,5295.5,5229,5295.5,5295.5,3943
2025-05-16,5341,5352.5,5300,5352.5,5352.5,2656
2025-05-19,5311,5362,5311,5355,5355,3186
2025-05-20,5369,5389,5353,5386,5386,3431
2025-05-21,5348,5365,5326,5333,5333,15394
2025-05-22,5347,5347,5278.64,5285.5,5285.5,10436
2025-05-23,5298,5298,5199,5240.5,5240.5,2449
2025-05-27,5321,5321,5282.911,5319.5,5319.5,7274
2025-05-28,5318,5345,5296.5,5296.5,5296.5,2319
2025-05-29,5352,5352,5292,5298,5298,1406
2025-05-30,5336,5341,5309,5324.5,5324.5,2641
2025-06-02,5292,5316,5267.746,5286,5286,1806
2025-06-03,5272,5315,5271,5315,5315,9587
2025-06-04,5332,5337.36,5293,5297.5,5297.5,6056
2025-06-05,5301,5307,5273,5290,5290,1132
2025-06-06,5325,5345,5313.5,5313.5,5313.5,3845
2025-06-09,5310,5333,5289,5315.5,5315.5,11345
2025-06-10,5351,5378.5,5327,5378.5,5378.5,3023
2025-06-11,5405,5405,5366,5382.5,5382.5,2131
2025-06-12,5350,5356,5325,5336.5,5336.5,875
2025-06-13,5302,5341,5288,5311,5311,1699
2025-06-16,5312,5336.44,5291,5324.5,5324.5,5351
2025-06-17,5297,5326,5284,5317.5,5317.5,2439
2025-06-18,5325,5358,5317,5350.5,5350.5,2487
2025-06-19,5337,5337,5290.72,5297,5297,4768
2025-06-20,5302,5357,5299,5318.5,5318.5,17654
2025-06-23,5272,5343,5272,5332,5332,5170
2025-06-24,5387,5398,5334.4,5359,5359,8217
2025-06-25,5356,5364,5315,5315,5315,6966
2025-06-26,5309,5334,5301,5327.5,5327.5,2148
2025-06-27,5342,5366,5335,5359.5,5359.5,4306
2025-06-30,5359,5383,5353,5356.5,5356.5,2816
2025-07-01,5381,5436,5348,5436,5436,11003
2025-07-02,5448,5471,5428,5432,5432,2464
2025-07-03,5449,5466,5434,5443,5443,2213
2025-07-04,5428,5429,5404,5420,5420,5122
2025-07-07,5480,5480,5398,5398.5,5398.5,2981
2025-07-08,5404,5428,5392,5422.5,5422.5,1426
2025-07-09,5414,5446,5405,5421.5,5421.5,2014
2025-07-10,5413,5476,5402,5467.5,5467.5,1643
2025-07-11,5452,5478,5439.907,5443.5,5443.5,2424
2025-07-14,5455,5480,5432,5466,5466,3764
2025-07-15,5480,5493,5463,5464.5,5464.5,7954
2025-07-16,5427,5444.12,5390,5390,5390,1545
2025-07-17,5438,5471,5424,5433,5433,2202
2025-07-18,5493,5508,5469.693,5492,5492,1357
2025-07-21,5504,5513,5468,5468,5468,2615
2025-07-22,5480,5489,5454.64,5469,5469,25347
2025-07-23,5474,5502,5442,5442,5442,4119
2025-07-24,5455,5455,5423,5441.5,5441.5,3685
2025-07-25,5480,5480,5440,5455,5455,1845
2025-07-28,5468,5507,5427,5444.5,5444.5,2466
2025-07-29,5477,5492,5452,5458,5458,6491
2025-07-30,5471,5509,5458,5500,5500,1921
2025-07-31,5510,5560,5482,5550.5,5550.5,2010
2025-08-01,5560,5571,5510.265,5529,5529,1746
2025-08-04,5540,5594,5540,5591.5,5591.5,10058
2025-08-05,5612,5618,5582,5585,5585,14611
2025-08-06,5613,5630,5585,5601.5,5601.5,6804
2025-08-07,5580,5621,5570,5604,5604,18433
2025-08-08,5602,5641,5602,5614.5,5614.5,1754
2025-08-11,5621,5621,5590,5600,5600,1762
2025-08-12,5617,5632,5594,5623,5623,8094
2025-08-13,5661,5665,5630.56,5642,5642,3319
2025-08-14,5685,5685,5639,5644,5644,4380
2025-08-15,5671,5671,5607,5614,5614,608
2025-08-18,5613,5629,5603,5625,5625,4253
2025-08-19,5614,5660.903,5609,5646,5646,1270
2025-08-20,5644,5688,5634,5680,5680,2905
2025-08-21,5669,5677,5644,5665.5,5665.5,2418
2025-08-22,5667,5724,5658,5719.5,5719.5,746
2025-08-26,5691,5691,5653,5657,5657,6812
2025-08-27,5619,5684,5619,5672,5672,1848
2025-08-28,5690,5703,5647,5647,5647,4276
2025-08-29,5675,5683,5625,5625,5625,1940
2025-09-01,5600,5619,5587,5587,5587,2962
2025-09-02,5586,5592,5553.5,5553.5,5553.5,6064
2025-09-03,5553,5565,5532.75,5540,5540,4539
2025-09-04,5540,5587,5540,5582,5582,4435
2025-09-05,5624,5649,5596,5617,5617,3780
2025-09-08,5647,5648,5596,5616,5616,2785
2025-09-09,5620,5623,5491,5501,5501,9501
2025-09-10,5504,5574,5487,5506.5,5506.5,2938
2025-09-11,5523,5560,5502,5555.5,5555.5,8501
2025-09-12,5578,5594,5556,5567.5,5567.5,9056
2025-09-15,5573,5579.52,5557,5562.5,5562.5,2051
2025-09-16,5536,5559,5502,5506.5,5506.5,5272
2025-09-17,5509,5532,5508.4,5521.5,5521.5,1630
