Price,Adj Close,Capital Gains,Close,Dividends,High,Low,Open,Stock Splits,Volume
Ticker,SWDA.L,SWDA.L,SWDA.L,SWDA.L,SWDA.L,SWDA.L,SWDA.L,SWDA.L,SWDA.L
Date,,,,,,,,,
24-01-02,7135.0,0.0,7135.0,0.0,7154.0,7108.0,7152.0,0.0,170457
24-01-03,7064.0,0.0,7064.0,0.0,7136.0,7057.0,7122.0,0.0,74785
24-01-04,7061.0,0.0,7061.0,0.0,7067.0,7028.0,7047.0,0.0,92590
24-01-05,7025.0,0.0,7025.0,0.0,7039.0,7005.2001953125,7019.0,0.0,146181
24-01-08,7035.0,0.0,7035.0,0.0,7040.0,7006.0,7015.0,0.0,84558
24-01-09,7083.0,0.0,7083.0,0.0,7086.0,7055.0,7081.0,0.0,46025
24-01-10,7097.0,0.0,7097.0,0.0,7118.0,7081.0,7099.0,0.0,115350
24-01-11,7073.0,0.0,7073.0,0.0,7138.0,7073.0,7129.0,0.0,225200
24-01-12,7109.0,0.0,7109.0,0.0,7130.0,7077.0,7092.0,0.0,121739
24-01-15,7112.5,0.0,7112.5,0.0,7138.0,7109.0,7124.0,0.0,54217
24-01-16,7130.0,0.0,7130.0,0.0,7137.0,7099.0,7111.0,0.0,140537
24-01-17,7060.0,0.0,7060.0,0.0,7094.0,7044.0,7071.0,0.0,85824
24-01-18,7087.0,0.0,7087.0,0.0,7089.0,7036.0,7050.0,0.0,115791
24-01-19,7133.0,0.0,7133.0,0.0,7142.0,7114.0,7121.0,0.0,120111
24-01-22,7189.0,0.0,7189.0,0.0,7201.0,7177.0,7189.0,0.0,174779
24-01-23,7192.0,0.0,7192.0,0.0,7202.0,7167.0,7181.0,0.0,58889
24-01-24,7228.0,0.0,7228.0,0.0,7238.0,7202.64208984375,7235.0,0.0,58242
24-01-25,7242.0,0.0,7242.0,0.0,7244.0,7198.0,7206.0,0.0,49625
24-01-26,7258.0,0.0,7258.0,0.0,7260.0,7225.0,7234.0,0.0,85885
24-01-29,7271.0,0.0,7271.0,0.0,7279.0,7249.0,7252.0,0.0,70393
24-01-30,7320.0,0.0,7320.0,0.0,7329.0,7294.0,7304.0,0.0,40152
24-01-31,7254.0,0.0,7254.0,0.0,7313.0,7245.0,7303.0,0.0,163500
24-02-01,7231.0,0.0,7231.0,0.0,7274.0,7216.0,7252.0,0.0,155170
24-02-02,7346.0,0.0,7346.0,0.0,7346.0,7279.0,7292.0,0.0,54186
24-02-05,7379.0,0.0,7379.0,0.0,7398.0,7352.0,7357.0,0.0,219042
24-02-06,7374.0,0.0,7374.0,0.0,7399.0,7365.0,7398.0,0.0,119829
24-02-07,7396.0,0.0,7396.0,0.0,7404.0,7355.0,7368.0,0.0,137573
24-02-08,7408.0,0.0,7408.0,0.0,7433.0,7404.0,7416.0,0.0,155425
24-02-09,7422.0,0.0,7422.0,0.0,7445.0,7400.0,7413.0,0.0,121561
24-02-12,7482.0,0.0,7482.0,0.0,7482.0,7434.0,7441.0,0.0,81554
24-02-13,7381.0,0.0,7381.0,0.0,7461.0,7358.0,7441.0,0.0,256956
24-02-14,7428.0,0.0,7428.0,0.0,7448.0,7396.0,7396.0,0.0,101360
24-02-15,7471.0,0.0,7471.0,0.0,7489.0,7461.0,7487.0,0.0,123501
24-02-16,7506.0,0.0,7506.0,0.0,7524.0,7480.0,7507.0,0.0,153028
24-02-19,7489.0,0.0,7489.0,0.0,7490.0,7459.0,7465.0,0.0,24689
24-02-20,7414.0,0.0,7414.0,0.0,7489.0,7400.0,7469.0,0.0,81209
24-02-21,7416.5,0.0,7416.5,0.0,7447.0,7405.0,7415.0,0.0,98951
24-02-22,7535.0,0.0,7535.0,0.0,7542.0,7469.0,7480.0,0.0,150646
24-02-23,7548.0,0.0,7548.0,0.0,7561.0,7528.0,7542.0,0.0,79867
24-02-26,7537.0,0.0,7537.0,0.0,7550.0,7527.0,7534.0,0.0,146254
24-02-27,7523.0,0.0,7523.0,0.0,7536.0,7504.0,7520.0,0.0,57814
24-02-28,7531.0,0.0,7531.0,0.0,7540.0,7514.85888671875,7533.0,0.0,88273
24-02-29,7544.0,0.0,7544.0,0.0,7563.0,7509.0,7533.0,0.0,101807
24-03-01,7606.0,0.0,7606.0,0.0,7614.0,7570.0,7597.0,0.0,88985
24-03-04,7594.0,0.0,7594.0,0.0,7619.0,7588.0,7612.0,0.0,80944
24-03-05,7532.0,0.0,7532.0,0.0,7592.0,7520.0,7589.0,0.0,115914
24-03-06,7567.0,0.0,7567.0,0.0,7581.0,7538.0,7541.0,0.0,101190
24-03-07,7598.0,0.0,7598.0,0.0,7609.0,7532.0,7541.0,0.0,72986
24-03-08,7567.0,0.0,7567.0,0.0,7625.0,7567.0,7611.0,0.0,66799
24-03-11,7536.0,0.0,7536.0,0.0,7536.0,7495.0,7525.0,0.0,87300
24-03-12,7611.0,0.0,7611.0,0.0,7630.0,7560.0,7579.0,0.0,129333
24-03-13,7619.0,0.0,7619.0,0.0,7634.0,7610.0,7631.0,0.0,134803
24-03-14,7613.0,0.0,7613.0,0.0,7641.0,7595.14013671875,7632.0,0.0,91434
24-03-15,7575.0,0.0,7575.0,0.0,7645.0,7571.0,7618.0,0.0,383271
24-03-18,7637.0,0.0,7637.0,0.0,7647.0,7598.0,7610.0,0.0,85937
24-03-19,7642.0,0.0,7642.0,0.0,7652.0,7607.0,7631.0,0.0,65267
24-03-20,7660.0,0.0,7660.0,0.0,7683.0,7650.0,7660.0,0.0,99211
24-03-21,7804.0,0.0,7804.0,0.0,7807.48193359375,7720.0,7737.0,0.0,77873
24-03-22,7806.0,0.0,7806.0,0.0,7846.0,7800.0,7818.0,0.0,70336
24-03-25,7775.5,0.0,7775.5,0.0,7805.0,7756.0,7799.0,0.0,63497
24-03-26,7795.0,0.0,7795.0,0.0,7798.39990234375,7772.0,7775.0,0.0,108423
24-03-27,7785.0,0.0,7785.0,0.0,7817.0,7777.0,7800.0,0.0,45320
24-03-28,7814.0,0.0,7814.0,0.0,7832.0,7805.0,7822.0,0.0,82810
24-04-02,7767.0,0.0,7767.0,0.0,7863.0,7756.0,7863.0,0.0,62411
24-04-03,7781.0,0.0,7781.0,0.0,7793.0,7761.0,7771.0,0.0,60622
24-04-04,7793.0,0.0,7793.0,0.0,7803.0,7765.47998046875,7771.0,0.0,51911
24-04-05,7740.0,0.0,7740.0,0.0,7748.0,7686.0,7697.0,0.0,91358
24-04-08,7752.0,0.0,7752.0,0.0,7773.0,7732.0,7740.0,0.0,76771
24-04-09,7699.5,0.0,7699.5,0.0,7760.0,7673.0,7753.0,0.0,97267
24-04-10,7726.0,0.0,7726.0,0.0,7756.0,7665.0,7743.0,0.0,93199
24-04-11,7734.0,0.0,7734.0,0.0,7760.0,7700.0,7743.0,0.0,102826
24-04-12,7766.0,0.0,7766.0,0.0,7806.0,7755.0,7800.0,0.0,68158
24-04-15,7740.0,0.0,7740.0,0.0,7789.0,7723.0,7756.0,0.0,82816
24-04-16,7628.0,0.0,7628.0,0.0,7646.0,7595.39990234375,7627.0,0.0,117595
24-04-17,7587.0,0.0,7587.0,0.0,7645.0,7582.0,7584.0,0.0,94816
24-04-18,7611.0,0.0,7611.0,0.0,7623.0,7567.0,7602.0,0.0,78575
24-04-19,7576.0,0.0,7576.0,0.0,7581.0,7528.0,7543.0,0.0,285147
24-04-22,7617.0,0.0,7617.0,0.0,7655.0,7593.0,7604.0,0.0,92469
24-04-23,7674.0,0.0,7674.0,0.0,7682.0,7632.0,7662.0,0.0,83738
24-04-24,7677.0,0.0,7677.0,0.0,7713.0,7666.0,7710.0,0.0,131408
24-04-25,7566.0,0.0,7566.0,0.0,7625.0,7546.0,7616.0,0.0,146534
24-04-26,7695.0,0.0,7695.0,0.0,7710.0,7644.0,7663.0,0.0,105918
24-04-29,7671.0,0.0,7671.0,0.0,7768.0,7554.0,7694.0,0.0,72156
24-04-30,7643.0,0.0,7643.0,0.0,7722.0,7619.0,7693.0,0.0,74252
24-05-01,7581.0,0.0,7581.0,0.0,7619.0,7541.0,7602.0,0.0,18853
24-05-02,7610.0,0.0,7610.0,0.0,7707.0,7570.0,7609.0,0.0,221816
24-05-03,7694.0,0.0,7694.0,0.0,7730.0,7400.0,7649.0,0.0,138477
24-05-07,7810.0,0.0,7810.0,0.0,7908.0,7400.0,7795.0,0.0,78522
24-05-08,7824.0,0.0,7824.0,0.0,7858.0,7798.0,7829.0,0.0,56137
24-05-09,7849.0,0.0,7849.0,0.0,7851.0,7808.68310546875,7822.0,0.0,147006
24-05-10,7869.0,0.0,7869.0,0.0,7888.0,7860.0,7861.0,0.0,44314
24-05-13,7851.0,0.0,7851.0,0.0,7885.0,7848.0,7874.0,0.0,38137
24-05-14,7842.0,0.0,7842.0,0.0,7902.0,7826.0,7847.0,0.0,53390
24-05-15,7888.0,0.0,7888.0,0.0,7900.0,7847.0,7873.0,0.0,33528
24-05-16,7919.0,0.0,7919.0,0.0,7927.0,7908.0,7915.0,0.0,46343
24-05-17,7873.0,0.0,7873.0,0.0,7909.0,7869.74609375,7895.0,0.0,27105
24-05-20,7908.0,0.0,7908.0,0.0,7926.0,7880.0,7892.0,0.0,36014
24-05-21,7880.0,0.0,7880.0,0.0,7887.0,7861.0,7884.0,0.0,78369
24-05-22,7865.0,0.0,7865.0,0.0,7877.0,7850.0,7858.0,0.0,46716
24-05-23,7867.0,0.0,7867.0,0.0,7950.0,7843.0,7892.0,0.0,84858
24-05-24,7841.0,0.0,7841.0,0.0,7848.0,7805.0,7817.0,0.0,43539
24-05-28,7821.0,0.0,7821.0,0.0,7861.0,7808.0,7844.0,0.0,39012
24-05-29,7788.0,0.0,7788.0,0.0,7811.0,7762.0,7802.0,0.0,47607
24-05-30,7765.0,0.0,7765.0,0.0,7797.0,7717.0,7762.0,0.0,26825
24-05-31,7732.0,0.0,7732.0,0.0,7793.0,7719.0,7765.0,0.0,54997
24-06-03,7777.0,0.0,7777.0,0.0,7851.0,7775.0,7842.0,0.0,54969
24-06-04,7758.0,0.0,7758.0,0.0,7795.0,7750.0,7777.0,0.0,53268
24-06-05,7851.0,0.0,7851.0,0.0,7855.0,7797.0,7811.0,0.0,38776
24-06-06,7879.0,0.0,7879.0,0.0,7899.0,7864.0,7872.0,0.0,58216
24-06-07,7904.0,0.0,7904.0,0.0,7919.0,7852.0,7889.0,0.0,35180
24-06-10,7888.0,0.0,7888.0,0.0,7901.0,7863.203125,7877.0,0.0,29995
24-06-11,7870.0,0.0,7870.0,0.0,7914.0,7834.0,7903.0,0.0,22386
24-06-12,7928.0,0.0,7928.0,0.0,8000.0,7876.0,7894.0,0.0,94601
24-06-13,7909.0,0.0,7909.0,0.0,7948.0,7897.0,7943.0,0.0,35402
24-06-14,7934.0,0.0,7934.0,0.0,7947.8671875,7888.0,7940.0,0.0,74761
24-06-17,7950.0,0.0,7950.0,0.0,7966.0,7934.0,7958.0,0.0,62948
24-06-18,8005.0,0.0,8005.0,0.0,8009.0,7981.0,7995.0,0.0,44160
24-06-19,7998.0,0.0,7998.0,0.0,8015.0,7991.0,8005.0,0.0,25632
24-06-20,8044.0,0.0,8044.0,0.0,8053.0,8022.0,8024.0,0.0,56935
24-06-21,8017.0,0.0,8017.0,0.0,8061.0,7999.0,8032.0,0.0,106364
24-06-24,8026.0,0.0,8026.0,0.0,8046.39013671875,8001.0,8016.0,0.0,58857
24-06-25,8014.0,0.0,8014.0,0.0,8016.0,7970.0,8004.0,0.0,71407
24-06-26,8024.0,0.0,8024.0,0.0,8055.0,8004.0,8035.0,0.0,46580
24-06-27,8025.0,0.0,8025.0,0.0,8056.0,8021.0,8028.0,0.0,70964
24-06-28,8072.0,0.0,8072.0,0.0,8103.0,8054.0,8065.0,0.0,94368
24-07-01,8031.0,0.0,8031.0,0.0,8055.0,7997.744140625,8041.0,0.0,70885
24-07-02,8027.0,0.0,8027.0,0.0,8033.0,7989.30810546875,8031.0,0.0,426088
24-07-03,8046.0,0.0,8046.0,0.0,8069.0,8030.0,8061.0,0.0,137168
24-07-04,8073.0,0.0,8073.0,0.0,8091.0,8066.0,8072.0,0.0,20900
24-07-05,8060.0,0.0,8060.0,0.0,8091.0,8040.0,8082.0,0.0,44171
24-07-08,8066.0,0.0,8066.0,0.0,8076.0,8058.0,8061.0,0.0,66436
24-07-09,8086.0,0.0,8086.0,0.0,8103.0,8074.0,8087.0,0.0,57882
24-07-10,8096.0,0.0,8096.0,0.0,8108.0,8083.0,8093.0,0.0,68832
24-07-11,8067.0,0.0,8067.0,0.0,8133.0,8065.0,8132.0,0.0,139868
24-07-12,8090.0,0.0,8090.0,0.0,8093.0,8025.0,8075.0,0.0,120623
24-07-15,8097.0,0.0,8097.0,0.0,8113.0,8074.0,8088.0,0.0,55205
24-07-16,8106.0,0.0,8106.0,0.0,8123.380859375,8060.0,8085.0,0.0,70082
24-07-17,8026.0,0.0,8026.0,0.0,8082.0,8005.0,8081.0,0.0,67764
24-07-18,7985.5,0.0,7985.5,0.0,8065.0,7983.97021484375,8054.0,0.0,55588
24-07-19,7953.0,0.0,7953.0,0.0,8003.0,7953.0,7985.0,0.0,72341
24-07-22,7986.0,0.0,7986.0,0.0,8023.0,7957.0,7965.0,0.0,56502
24-07-23,8044.0,0.0,8044.0,0.0,8049.876953125,7996.0498046875,8015.0,0.0,49369
24-07-24,7901.0,0.0,7901.0,0.0,7977.0,7893.0,7976.0,0.0,46001
24-07-25,7885.5,0.0,7885.5,0.0,7901.0,7808.0,7866.0,0.0,109446
24-07-26,7913.0,0.0,7913.0,0.0,7931.0,7868.0,7873.0,0.0,108824
24-07-29,7919.5,0.0,7919.5,0.0,7988.0,7909.0,7963.0,0.0,73166
24-07-30,7915.0,0.0,7915.0,0.0,7975.0,7905.0,7936.0,0.0,96790
24-07-31,8042.0,0.0,8042.0,0.0,8043.0,7987.48193359375,7996.0,0.0,87969
24-08-01,7978.0,0.0,7978.0,0.0,8092.0,7972.0,8086.0,0.0,71717
24-08-02,7730.0,0.0,7730.0,0.0,7915.0,7708.0,7886.0,0.0,125194
24-08-05,7613.0,0.0,7613.0,0.0,7638.2001953125,7416.0,7572.0,0.0,252704
24-08-06,7692.0,0.0,7692.0,0.0,7718.0,7611.8662109375,7658.0,0.0,90216
24-08-07,7789.0,0.0,7789.0,0.0,7815.0,7703.0,7731.0,0.0,256354
24-08-08,7770.0,0.0,7770.0,0.0,7780.0,7632.93310546875,7678.0,0.0,74893
24-08-09,7787.0,0.0,7787.0,0.0,7820.0,7763.0,7779.0,0.0,85046
24-08-12,7805.0,0.0,7805.0,0.0,7836.0,7781.0,7817.0,0.0,119384
24-08-13,7862.0,0.0,7862.0,0.0,7864.0,7803.0,7822.0,0.0,36191
24-08-14,7922.0,0.0,7922.0,0.0,7922.0,7868.0,7906.0,0.0,63185
24-08-15,8021.0,0.0,8021.0,0.0,8030.0,7921.0,7942.0,0.0,106250
24-08-16,8013.0,0.0,8013.0,0.0,8055.0,7960.0,8052.0,0.0,49811
24-08-19,8035.0,0.0,8035.0,0.0,8040.0,7988.0,8005.0,0.0,32054
24-08-20,8022.0,0.0,8022.0,0.0,8074.0,8012.0,8067.0,0.0,78818
24-08-21,8023.0,0.0,8023.0,0.0,8053.0,8008.0,8038.0,0.0,76453
24-08-22,8006.0,0.0,8006.0,0.0,8051.0,8006.0,8031.0,0.0,74093
24-08-23,7990.0,0.0,7990.0,0.0,8024.0,7955.0,7986.0,0.0,96581
24-08-27,7962.0,0.0,7962.0,0.0,8000.0,7784.0,7990.0,0.0,55529
24-08-28,7950.0,0.0,7950.0,0.0,8000.0,7800.0,7984.0,0.0,59789
24-08-29,8030.0,0.0,8030.0,0.0,8043.0,7942.0,7946.0,0.0,50626
24-08-30,8007.0,0.0,8007.0,0.0,8047.0,7996.0,8003.0,0.0,42518
24-09-02,8056.0,0.0,8056.0,0.0,8249.0,8023.0,8048.0,0.0,148077
24-09-03,7984.0,0.0,7984.0,0.0,8272.0,7865.0,8066.0,0.0,1149098
24-09-04,7888.5,0.0,7888.5,0.0,7924.0,7756.0,7867.0,0.0,41070
24-09-05,7835.0,0.0,7835.0,0.0,7900.0,7659.0,7867.0,0.0,52819
24-09-06,7738.0,0.0,7738.0,0.0,7862.0,7738.0,7817.0,0.0,28936
24-09-09,7836.0,0.0,7836.0,0.0,7849.0,7784.0,7798.0,0.0,100047
24-09-10,7849.0,0.0,7849.0,0.0,7873.0,7793.0,7824.0,0.0,61150
24-09-11,7824.0,0.0,7824.0,0.0,7883.0,7795.0,7847.0,0.0,55877
24-09-12,7956.0,0.0,7956.0,0.0,7992.0,7936.0,7981.0,0.0,61717
24-09-13,8010.0,0.0,8010.0,0.0,8023.0,7968.0,7978.0,0.0,33151
24-09-16,7967.0,0.0,7967.0,0.0,8003.0,7951.0,7989.0,0.0,29732
24-09-17,8033.0,0.0,8033.0,0.0,8043.0,7970.0,7999.0,0.0,123345
24-09-18,7969.0,0.0,7969.0,0.0,8015.0,7951.0,8010.0,0.0,38937
24-09-19,8059.0,0.0,8059.0,0.0,8083.15283203125,8022.0,8034.0,0.0,62945
24-09-20,8003.0,0.0,8003.0,0.0,8039.0,7993.0,8020.0,0.0,55254
24-09-23,8004.0,0.0,8004.0,0.0,8046.0,7994.0,8022.0,0.0,306214
24-09-24,8006.0,0.0,8006.0,0.0,8031.0,7968.0,8018.0,0.0,50719
24-09-25,8027.0,0.0,8027.0,0.0,8031.0,7953.60009765625,7984.0,0.0,39331
24-09-26,8024.0,0.0,8024.0,0.0,8103.0,8024.0,8093.0,0.0,42527
24-09-27,8055.0,0.0,8055.0,0.0,8070.0,8035.0,8036.0,0.0,73263
24-09-30,8016.0,0.0,8016.0,0.0,8054.0,8004.0,8038.0,0.0,138858
24-10-01,8050.0,0.0,8050.0,0.0,8097.0,8010.0,8064.0,0.0,92557
24-10-02,8067.0,0.0,8067.0,0.0,8072.0,8015.0,8041.0,0.0,92664
24-10-03,8121.0,0.0,8121.0,0.0,8145.0,8073.0,8101.0,0.0,129997
24-10-04,8143.5,0.0,8143.5,0.0,8204.0,8036.0,8103.0,0.0,156268
24-10-07,8188.0,0.0,8188.0,0.0,8194.0,8150.0,8172.0,0.0,172912
24-10-08,8170.0,0.0,8170.0,0.0,8174.0,8116.0,8131.0,0.0,70248
24-10-09,8227.0,0.0,8227.0,0.0,8227.0,8155.0,8176.0,0.0,73710
24-10-10,8246.0,0.0,8246.0,0.0,8250.0,8206.0,8234.0,0.0,69462
24-10-11,8276.0,0.0,8276.0,0.0,8280.0,8211.0,8239.0,0.0,61458
24-10-14,8326.0,0.0,8326.0,0.0,8340.0,8274.0,8280.0,0.0,135136
24-10-15,8279.0,0.0,8279.0,0.0,8347.0,8269.0,8345.0,0.0,91477
24-10-16,8308.0,0.0,8308.0,0.0,8318.0,8279.0,8307.0,0.0,56842
24-10-17,8350.0,0.0,8350.0,0.0,8413.0,8337.0,8349.0,0.0,67299
24-10-18,8338.0,0.0,8338.0,0.0,8340.0,8300.0,8304.0,0.0,77705
24-10-21,8314.0,0.0,8314.0,0.0,8355.0,8309.0,8341.0,0.0,64512
24-10-22,8320.0,0.0,8320.0,0.0,8331.0,8294.0,8302.0,0.0,69815
24-10-23,8286.5,0.0,8286.5,0.0,8337.0,8285.0,8321.0,0.0,69238
24-10-24,8282.0,0.0,8282.0,0.0,8326.0,8266.0,8305.0,0.0,115239
24-10-25,8312.0,0.0,8312.0,0.0,8335.0,8284.9541015625,8294.0,0.0,194901
24-10-28,8308.0,0.0,8308.0,0.0,8334.0,8285.5478515625,8320.0,0.0,136334
24-10-29,8290.0,0.0,8290.0,0.0,8324.0,8276.0,8321.0,0.0,169515
24-10-30,8291.0,0.0,8291.0,0.0,8316.0,8275.0,8299.0,0.0,61611
24-10-31,8231.0,0.0,8231.0,0.0,8241.6923828125,8198.0,8216.0,0.0,81687
24-11-01,8234.0,0.0,8234.0,0.0,8242.0,8190.0,8210.0,0.0,73328
24-11-04,8195.0,0.0,8195.0,0.0,8227.0,8179.0,8197.0,0.0,63646
24-11-05,8219.0,0.0,8219.0,0.0,8221.0,8155.0,8182.0,0.0,45431
24-11-06,8411.0,0.0,8411.0,0.0,8474.0,8383.0,8432.0,0.0,268087
24-11-07,8448.0,0.0,8448.0,0.0,8469.158203125,8427.0,8434.0,0.0,131714
24-11-08,8492.0,0.0,8492.0,0.0,8496.0,8441.0,8479.0,0.0,36323
24-11-11,8560.0,0.0,8560.0,0.0,8593.0,8528.0,8593.0,0.0,120792
24-11-12,8578.0,0.0,8578.0,0.0,8593.0,8545.0,8571.0,0.0,82785
24-11-13,8601.0,0.0,8601.0,0.0,8601.0,8537.0,8567.0,0.0,62181
24-11-14,8604.0,0.0,8604.0,0.0,8661.0,8589.0,8611.0,0.0,49184
24-11-15,8528.5,0.0,8528.5,0.0,8570.0,8514.0,8547.0,0.0,67704
24-11-18,8558.0,0.0,8558.0,0.0,8566.0,8505.0,8533.0,0.0,135661
24-11-19,8539.0,0.0,8539.0,0.0,8553.0,8462.0,8543.0,0.0,52734
24-11-20,8517.0,0.0,8517.0,0.0,8577.0,8494.0,8555.0,0.0,85189
24-11-21,8633.0,0.0,8633.0,0.0,8633.0,8533.5869140625,8551.0,0.0,48155
24-11-22,8719.5,0.0,8719.5,0.0,8738.0,8635.0,8674.0,0.0,121950
24-11-25,8741.0,0.0,8741.0,0.0,8759.0,8723.0,8737.0,0.0,170040
24-11-26,8750.0,0.0,8750.0,0.0,8753.0,8700.0,8720.0,0.0,281713
24-11-27,8663.0,0.0,8663.0,0.0,8741.0,8654.0,8738.0,0.0,248189
24-11-28,8690.0,0.0,8690.0,0.0,8704.0,8684.0,8699.0,0.0,45879
24-11-29,8706.5,0.0,8706.5,0.0,8709.0,8660.0,8662.0,0.0,38643
24-12-02,8770.0,0.0,8770.0,0.0,8775.0,8693.0,8705.0,0.0,124743
24-12-03,8767.0,0.0,8767.0,0.0,8789.0,8754.0,8767.0,0.0,84919
24-12-04,8774.0,0.0,8774.0,0.0,8810.0,8764.0,8773.0,0.0,124226
24-12-05,8774.0,0.0,8774.0,0.0,8794.0,8761.0,8776.0,0.0,149397
24-12-06,8779.0,0.0,8779.0,0.0,8827.0,8726.0,8751.0,0.0,136073
24-12-09,8733.0,0.0,8733.0,0.0,8786.0,8712.0,8784.0,0.0,77216
24-12-10,8714.0,0.0,8714.0,0.0,8742.0,8713.0,8729.0,0.0,69612
24-12-11,8755.0,0.0,8755.0,0.0,8755.0,8689.0,8747.0,0.0,73592
24-12-12,8772.0,0.0,8772.0,0.0,9000.0,8734.0,8743.0,0.0,83690
24-12-13,8770.5,0.0,8770.5,0.0,8831.0,8759.0,8797.0,0.0,53269
24-12-16,8753.0,0.0,8753.0,0.0,8832.0,8750.0,8832.0,0.0,100503
24-12-17,8712.0,0.0,8712.0,0.0,8742.0,8692.0,8723.0,0.0,79058
24-12-18,8722.0,0.0,8722.0,0.0,8738.0,8703.900390625,8730.0,0.0,127050
24-12-19,8597.0,0.0,8597.0,0.0,8618.0,8516.0,8548.0,0.0,342753
24-12-20,8627.0,0.0,8627.0,0.0,8629.0,8463.0,8559.0,0.0,136516
24-12-23,8641.0,0.0,8641.0,0.0,8661.0,8599.0,8649.0,0.0,81304
24-12-24,8684.5,0.0,8684.5,0.0,8712.0,8680.0,8693.0,0.0,19650
24-12-27,8659.0,0.0,8659.0,0.0,8850.0,8638.0,8752.0,0.0,57444
24-12-30,8623.0,0.0,8623.0,0.0,8666.0,8555.0,8642.0,0.0,94163
24-12-31,8647.0,0.0,8647.0,0.0,8650.0,8586.0,8592.0,0.0,23906
25-01-02,8728.0,0.0,8728.0,0.0,8855.0,8413.0,8637.0,0.0,168872
25-01-03,8717.0,0.0,8717.0,0.0,8916.0,8669.0,8689.0,0.0,61337
25-01-06,8780.0,0.0,8780.0,0.0,8788.0,8714.0,8734.0,0.0,90688
25-01-07,8719.0,0.0,8719.0,0.0,8758.0,8695.0,8713.0,0.0,81315
25-01-08,8763.0,0.0,8763.0,0.0,8932.0,8465.0,8702.0,0.0,126130
25-01-09,8810.0,0.0,8810.0,0.0,8835.0,8785.0,8803.0,0.0,169024
25-01-10,8740.0,0.0,8740.0,0.0,8817.0,8713.8193359375,8799.0,0.0,75780
25-01-13,8725.0,0.0,8725.0,0.0,8757.0,8709.2685546875,8755.0,0.0,41736
25-01-14,8761.0,0.0,8761.0,0.0,8840.0,8745.0,8782.0,0.0,74903
25-01-15,8869.0,0.0,8869.0,0.0,8876.23046875,8750.0,8759.0,0.0,116597
25-01-16,8905.0,0.0,8905.0,0.0,9000.0,8894.0,8985.0,0.0,129935
25-01-17,9015.0,0.0,9015.0,0.0,9022.0,8942.0,8949.0,0.0,170222
25-01-20,8978.0,0.0,8978.0,0.0,9033.0,8960.0,9004.0,0.0,209947
25-01-21,8984.0,0.0,8984.0,0.0,9019.0,8970.0,8981.0,0.0,79064
25-01-22,9061.0,0.0,9061.0,0.0,9061.0,9008.1513671875,9029.0,0.0,78995
25-01-23,9048.0,0.0,9048.0,0.0,9069.0,9027.0,9049.0,0.0,75039
25-01-24,8994.5,0.0,8994.5,0.0,9096.0,8983.0,9056.0,0.0,86720
25-01-27,8843.0,0.0,8843.0,0.0,8919.0,8746.0,8919.0,0.0,149551
25-01-28,8927.0,0.0,8927.0,0.0,8955.0,8883.0,8905.0,0.0,71270
25-01-29,8949.0,0.0,8949.0,0.0,8997.0,8944.0,8975.0,0.0,53789
25-01-30,8960.0,0.0,8960.0,0.0,8996.0,8937.5791015625,8969.0,0.0,47952
25-01-31,9042.0,0.0,9042.0,0.0,9067.0,9001.0,9035.0,0.0,81468
25-02-03,8900.0,0.0,8900.0,0.0,8911.0,8840.0,8890.0,0.0,208962
25-02-04,8912.0,0.0,8912.0,0.0,8916.0,8850.0,8892.0,0.0,71323
25-02-05,8900.0,0.0,8900.0,0.0,8900.0,8840.0,8868.0,0.0,87428
25-02-06,9019.0,0.0,9019.0,0.0,9060.0458984375,8973.0,8977.0,0.0,82968
25-02-07,8996.0,0.0,8996.0,0.0,9036.0,8980.0,9022.0,0.0,72760
25-02-10,9037.0,0.0,9037.0,0.0,9046.0,8990.0,8993.0,0.0,80077
25-02-11,9020.0,0.0,9020.0,0.0,9052.0,8996.0,9041.0,0.0,136543
25-02-12,8977.0,0.0,8977.0,0.0,9037.0,8955.0,9004.0,0.0,307432
25-02-13,9003.0,0.0,9003.0,0.0,9020.0,8961.0,8973.0,0.0,109352
25-02-14,8983.0,0.0,8983.0,0.0,9025.0,8976.0,9025.0,0.0,101046
25-02-17,9011.0,0.0,9011.0,0.0,9023.0,9003.0,9008.0,0.0,53008
25-02-18,8994.0,0.0,8994.0,0.0,9036.0,8983.0,9019.0,0.0,108020
25-02-19,9008.0,0.0,9008.0,0.0,9017.0,8972.0,9009.0,0.0,77473
25-02-20,8934.5,0.0,8934.5,0.0,9025.0,8920.0,8997.0,0.0,53465
25-02-21,8919.0,0.0,8919.0,0.0,8990.0,8907.0,8942.0,0.0,133677
25-02-24,8835.0,0.0,8835.0,0.0,8887.0,8793.0,8868.0,0.0,169448
25-02-25,8717.0,0.0,8717.0,0.0,8821.0,8702.0,8800.0,0.0,147643
25-02-26,8807.0,0.0,8807.0,0.0,8823.099609375,8776.900390625,8798.0,0.0,124934
25-02-27,8780.5,0.0,8780.5,0.0,8817.0,8726.0,8796.0,0.0,102815
25-02-28,8716.0,0.0,8716.0,0.0,8732.0,8649.0,8688.0,0.0,143970
25-03-03,8733.5,0.0,8733.5,0.0,8819.0,8727.0,8806.0,0.0,200368
25-03-04,8464.0,0.0,8464.0,0.0,8630.0,8452.0,8625.0,0.0,175913
25-03-05,8435.0,0.0,8435.0,0.0,8552.0,8413.0,8520.0,0.0,118786
25-03-06,8488.0,0.0,8488.0,0.0,8513.0,8422.0,8501.0,0.0,87691
25-03-07,8329.0,0.0,8329.0,0.0,8435.0,8321.0,8412.0,0.0,146308
25-03-10,8274.0,0.0,8274.0,0.0,8407.0,8242.0,8400.0,0.0,153066
25-03-11,8135.0,0.0,8135.0,0.0,8250.0,8112.0,8242.0,0.0,208438
25-03-12,8190.0,0.0,8190.0,0.0,8242.7490234375,8120.0,8167.0,0.0,181311
25-03-13,8108.0,0.0,8108.0,0.0,8255.0,8102.0,8137.0,0.0,134676
25-03-14,8241.0,0.0,8241.0,0.0,8260.0,8132.0,8135.0,0.0,228468
25-03-17,8260.0,0.0,8260.0,0.0,8289.0,8212.0,8225.0,0.0,53839
25-03-18,8235.0,0.0,8235.0,0.0,8310.0,8206.0,8287.0,0.0,109070
25-03-19,8295.0,0.0,8295.0,0.0,8309.0,8226.0,8230.0,0.0,60522
25-03-20,8299.0,0.0,8299.0,0.0,8356.0,8260.0,8344.0,0.0,88374
25-03-21,8292.0,0.0,8292.0,0.0,8305.0,8229.5595703125,8297.0,0.0,48199
25-03-24,8420.0,0.0,8420.0,0.0,8437.0,8344.0,8366.0,0.0,206617
25-03-25,8417.5,0.0,8417.5,0.0,8474.0,8409.0,8421.0,0.0,97911
25-03-26,8399.5,0.0,8399.5,0.0,8464.0,8390.0,8457.0,0.0,108306
25-03-27,8323.0,0.0,8323.0,0.0,8395.0,8286.0,8351.0,0.0,498994
25-03-28,8185.0,0.0,8185.0,0.0,8336.0,8178.9990234375,8270.0,0.0,266392
25-03-31,8128.0,0.0,8128.0,0.0,8131.0,8034.0,8093.0,0.0,183317
25-04-01,8228.0,0.0,8228.0,0.0,8237.0,8140.0,8187.0,0.0,184951
25-04-02,8229.0,0.0,8229.0,0.0,8230.0,8121.0,8216.0,0.0,153664
25-04-03,7877.0,0.0,7877.0,0.0,7976.0,7827.8759765625,7941.0,0.0,318556
25-04-04,7570.0,0.0,7570.0,0.0,7824.0,7483.0,7816.0,0.0,483232
25-04-07,7419.0,0.0,7419.0,0.0,7822.0,7068.0,7094.0,0.0,394662
25-04-08,7649.0,0.0,7649.0,0.0,7773.0,7561.0,7584.0,0.0,165083
25-04-09,7385.0,0.0,7385.0,0.0,7481.0,7230.0,7369.0,0.0,184828
25-04-10,7661.0,0.0,7661.0,0.0,7995.0,7661.0,7985.0,0.0,194619
25-04-11,7626.0,0.0,7626.0,0.0,7732.0,7554.0,7722.0,0.0,70460
25-04-14,7785.0,0.0,7785.0,0.0,7869.0,7776.0,7799.0,0.0,86233
25-04-15,7792.0,0.0,7792.0,0.0,7831.0,7691.0,7775.0,0.0,52008
25-04-16,7738.0,0.0,7738.0,0.0,7748.0,7633.0,7669.0,0.0,51765
25-04-17,7655.0,0.0,7655.0,0.0,7724.0,7601.0,7704.0,0.0,68176
25-04-22,7595.0,0.0,7595.0,0.0,7607.0,7491.7998046875,7536.0,0.0,64560
25-04-23,7811.0,0.0,7811.0,0.0,7905.0,7728.0,7744.0,0.0,52174
25-04-24,7854.0,0.0,7854.0,0.0,7861.0,7700.0,7768.0,0.0,48788
25-04-25,7892.0,0.0,7892.0,0.0,7951.0,7858.0,7935.0,0.0,66349
25-04-28,7869.0,0.0,7869.0,0.0,7960.0,7868.0,7936.0,0.0,89139
25-04-29,7907.0,0.0,7907.0,0.0,7941.25,7855.0,7905.0,0.0,71900
25-04-30,7925.0,0.0,7925.0,0.0,8100.0,7820.0,7940.0,0.0,134869
25-05-01,8104.0,0.0,8104.0,0.0,8127.0,8000.0,8039.0,0.0,163087
25-05-02,8156.0,0.0,8156.0,0.0,8202.0,8080.0,8092.0,0.0,78117
25-05-06,8088.0,0.0,8088.0,0.0,8143.0,8015.0,8129.0,0.0,98777
25-05-07,8061.0,0.0,8061.0,0.0,8113.0,8041.0,8082.0,0.0,32334
25-05-08,8164.0,0.0,8164.0,0.0,8222.0,8099.1611328125,8162.0,0.0,186796
25-05-09,8153.0,0.0,8153.0,0.0,8210.0,8130.0,8194.0,0.0,58140
25-05-12,8365.0,0.0,8365.0,0.0,8438.0,8250.0,8255.0,0.0,97983
25-05-13,8427.0,0.0,8427.0,0.0,8452.5,8370.0,8388.0,0.0,51825
25-05-14,8412.0,0.0,8412.0,0.0,8421.0,8366.0,8416.0,0.0,65867
25-05-15,8434.0,0.0,8434.0,0.0,8438.0,8370.6533203125,8388.0,0.0,51928
25-05-16,8485.0,0.0,8485.0,0.0,8511.0,8434.0,8437.0,0.0,70391
25-05-19,8448.0,0.0,8448.0,0.0,8454.0,8350.0,8410.0,0.0,62050
25-05-20,8472.0,0.0,8472.0,0.0,8495.0,8441.0,8463.0,0.0,26670
25-05-21,8418.0,0.0,8418.0,0.0,8426.0,8375.0,8392.0,0.0,48782
25-05-22,8322.0,0.0,8322.0,0.0,8387.0,8281.0,8387.0,0.0,113213
25-05-23,8225.0,0.0,8225.0,0.0,8326.0,8120.0,8315.0,0.0,95415
25-05-27,8359.0,0.0,8359.0,0.0,8359.0,8290.0,8303.0,0.0,38170
25-05-28,8370.0,0.0,8370.0,0.0,8416.0,8350.0,8376.0,0.0,31560
25-05-29,8363.0,0.0,8363.0,0.0,8483.0,8350.0,8469.0,0.0,33049
25-05-30,8361.0,0.0,8361.0,0.0,8391.0,8310.0,8369.0,0.0,33442
25-06-02,8335.0,0.0,8335.0,0.0,8466.0,8289.6669921875,8311.0,0.0,66279
25-06-03,8419.0,0.0,8419.0,0.0,8420.0,8352.0,8375.0,0.0,29619
25-06-04,8426.0,0.0,8426.0,0.0,8475.0,8408.0,8435.0,0.0,37675
25-06-05,8432.0,0.0,8432.0,0.0,8446.0,8375.0,8424.0,0.0,38367
25-06-06,8466.0,0.0,8466.0,0.0,8500.0,8416.0,8427.0,0.0,38649
25-06-09,8463.0,0.0,8463.0,0.0,8483.0,8446.0,8454.0,0.0,33963
25-06-10,8493.0,0.0,8493.0,0.0,8518.0,8489.0,8500.0,0.0,57987
25-06-11,8520.0,0.0,8520.0,0.0,8700.0,8500.0,8535.0,0.0,43446
25-06-12,8483.0,0.0,8483.0,0.0,8500.0,8426.0,8480.0,0.0,26373
25-06-13,8446.0,0.0,8446.0,0.0,8472.0,8400.0,8418.0,0.0,64710
25-06-16,8488.0,0.0,8488.0,0.0,8497.2080078125,8424.0,8438.0,0.0,39654
25-06-17,8477.0,0.0,8477.0,0.0,8495.0,8430.0,8452.0,0.0,162153
25-06-18,8503.0,0.0,8503.0,0.0,8528.0,8479.0,8497.0,0.0,200100
25-06-19,8414.0,0.0,8414.0,0.0,8500.0,8413.0,8491.0,0.0,68099
25-06-20,8454.0,0.0,8454.0,0.0,8486.0,8422.0,8449.0,0.0,33132
25-06-23,8434.0,0.0,8434.0,0.0,8492.0,8422.0,8431.0,0.0,70215
25-06-24,8495.0,0.0,8495.0,0.0,8535.0,8468.0,8517.0,0.0,77520
25-06-25,8492.5,0.0,8492.5,0.0,8527.0,8488.0,8506.0,0.0,17807
25-06-26,8481.0,0.0,8481.0,0.0,8491.0,8454.0,8468.0,0.0,46402
25-06-27,8575.0,0.0,8575.0,0.0,8575.0,8520.0,8521.0,0.0,32165
25-06-30,8586.0,0.0,8586.0,0.0,8604.0,8575.0,8586.0,0.0,27783
25-07-01,8587.0,0.0,8587.0,0.0,8594.0,8545.0,8583.0,0.0,68692
25-07-02,8673.0,0.0,8673.0,0.0,8691.0,8599.0,8616.0,0.0,130363
25-07-03,8719.0,0.0,8719.0,0.0,8767.0,8660.0,8680.0,0.0,87490
25-07-04,8681.0,0.0,8681.0,0.0,8687.0,8657.0,8679.0,0.0,76950
25-07-07,8676.0,0.0,8676.0,0.0,8722.0,8674.0,8698.0,0.0,93166
25-07-08,8706.0,0.0,8706.0,0.0,8729.0,8672.0,8685.0,0.0,43531
25-07-09,8726.0,0.0,8726.0,0.0,8752.0,8680.0,8690.0,0.0,41843
25-07-10,8781.0,0.0,8781.0,0.0,8781.0,8716.0,8724.0,0.0,41990
25-07-11,8777.0,0.0,8777.0,0.0,8794.0,8726.0,8775.0,0.0,131102
25-07-14,8817.0,0.0,8817.0,0.0,8820.0,8744.0,8761.0,0.0,51538
25-07-15,8845.0,0.0,8845.0,0.0,8877.0,8829.0,8857.0,0.0,44142
25-07-16,8737.0,0.0,8737.0,0.0,8840.0,8737.0,8781.0,0.0,50246
25-07-17,8863.0,0.0,8863.0,0.0,8866.0,8826.0,8857.0,0.0,52681
25-07-18,8860.0,0.0,8860.0,0.0,8889.0,8850.0,8888.0,0.0,78022
25-07-21,8872.0,0.0,8872.0,0.0,8882.0,8842.0,8875.0,0.0,36800
25-07-22,8831.0,0.0,8831.0,0.0,8858.0,8816.0,8850.0,0.0,92575
25-07-23,8865.0,0.0,8865.0,0.0,8891.0,8850.0,8871.0,0.0,47227
25-07-24,8938.0,0.0,8938.0,0.0,8951.0,8900.0,8917.0,0.0,37177
25-07-25,8992.0,0.0,8992.0,0.0,8998.0,8943.0,8951.0,0.0,53645
25-07-28,9002.0,0.0,9002.0,0.0,9067.0,8990.0,9051.0,0.0,53687
25-07-29,9012.5,0.0,9012.5,0.0,9074.0,9017.0,9049.0,0.0,51263
25-07-30,9045.0,0.0,9045.0,0.0,9062.0,9000.0,9014.0,0.0,63857
25-07-31,9074.0,0.0,9074.0,0.0,9149.0,9056.0,9108.0,0.0,55518
25-08-01,8873.0,0.0,8873.0,0.0,9014.0,8831.0,9009.0,0.0,89591
25-08-04,8971.0,0.0,8971.0,0.0,8974.0,8889.7998046875,8895.0,0.0,61879
25-08-05,8950.0,0.0,8950.0,0.0,9023.0,8947.3896484375,9023.0,0.0,64251
25-08-06,8986.0,0.0,8986.0,0.0,9006.0,8950.0,8994.0,0.0,345103
25-08-07,8953.0,0.0,8953.0,0.0,9062.0,8953.0,8999.0,0.0,41407
25-08-08,8980.0,0.0,8980.0,0.0,9003.0,8962.0,8972.0,0.0,34872
25-08-11,9014.0,0.0,9014.0,0.0,9023.0,8984.0,9007.0,0.0,66345
25-08-12,9008.0,0.0,9008.0,0.0,9017.779296875,8963.0,8999.0,0.0,26077
25-08-13,9010.0,0.0,9010.0,0.0,9058.0,9002.0,9032.0,0.0,102407
25-08-14,9021.0,0.0,9021.0,0.0,9038.0,8983.0,9008.0,0.0,54717
25-08-15,9024.0,0.0,9024.0,0.0,9071.0,9020.0,9068.0,0.0,38465
25-08-18,9041.0,0.0,9041.0,0.0,9070.0,9015.0,9040.0,0.0,88543
25-08-19,9050.0,0.0,9050.0,0.0,9071.0,9035.0,9046.0,0.0,45341
25-08-20,9020.0,0.0,9020.0,0.0,9040.0,8972.0,9013.0,0.0,38695
25-08-21,9049.0,0.0,9049.0,0.0,9059.0,8999.0,9046.0,0.0,53865
25-08-22,9100.0,0.0,9100.0,0.0,9120.0,9023.0,9027.0,0.0,42045
25-08-26,9059.0,0.0,9059.0,0.0,9098.0,9043.0,9063.0,0.0,150247
25-08-27,9103.0,0.0,9103.0,0.0,9125.0,9094.0,9099.0,0.0,35159
25-08-28,9088.0,0.0,9088.0,0.0,9128.0,9082.0,9104.0,0.0,479959
25-08-29,9056.0,0.0,9056.0,0.0,9133.0,9053.0,9118.0,0.0,76397
